[9.507s] [34mcolcon[0m [1;30mDEBUG[0m [32mCommand line arguments: ['/usr/bin/colcon', 'build', '--symlink-install'][0m
[9.507s] [34mcolcon[0m [1;30mDEBUG[0m [32mParsed command line arguments: Namespace(log_base=None, log_level=None, verb_name='build', build_base='build', install_base='install', merge_install=False, symlink_install=True, test_result_base=None, continue_on_error=False, executor='parallel', parallel_workers=4, event_handlers=None, ignore_user_meta=False, metas=['./colcon.meta'], base_paths=['.'], packages_ignore=None, packages_ignore_regex=None, paths=None, packages_up_to=None, packages_up_to_regex=None, packages_above=None, packages_above_and_dependencies=None, packages_above_depth=None, packages_select_by_dep=None, packages_skip_by_dep=None, packages_skip_up_to=None, packages_select_build_failed=False, packages_skip_build_finished=False, packages_select_test_failures=False, packages_skip_test_passed=False, packages_select=None, packages_skip=None, packages_select_regex=None, packages_skip_regex=None, packages_start=None, packages_end=None, cmake_args=None, cmake_target=None, cmake_target_skip_unavailable=False, cmake_clean_cache=False, cmake_clean_first=False, cmake_force_configure=False, ament_cmake_args=None, catkin_cmake_args=None, catkin_skip_building_tests=False, mixin_files=None, mixin=None, verb_parser=<colcon_mixin.mixin.mixin_argument.MixinArgumentDecorator object at 0x7f94eabdc0>, verb_extension=<colcon_core.verb.build.BuildVerb object at 0x7f94eaaaa0>, main=<bound method BuildVerb.main of <colcon_core.verb.build.BuildVerb object at 0x7f94eaaaa0>>, mixin_verb=('build',))[0m
[9.856s] [34mcolcon.colcon_core.package_discovery[0m [1;30mLevel 1[0m discover_packages(colcon_meta) check parameters
[9.861s] [34mcolcon.colcon_metadata.package_discovery.colcon_meta[0m [1;30mINFO[0m Using configuration from '/root/.colcon/metadata/default/Gazebo.meta'
[9.864s] [34mcolcon.colcon_metadata.package_discovery.colcon_meta[0m [1;30mINFO[0m Using configuration from '/root/.colcon/metadata/default/fastrtps.meta'
[9.864s] [34mcolcon.colcon_core.package_discovery[0m [1;30mLevel 1[0m discover_packages(recursive) check parameters
[9.864s] [34mcolcon.colcon_core.package_discovery[0m [1;30mLevel 1[0m discover_packages(ignore) check parameters
[9.865s] [34mcolcon.colcon_core.package_discovery[0m [1;30mLevel 1[0m discover_packages(path) check parameters
[9.865s] [34mcolcon.colcon_core.package_discovery[0m [1;30mLevel 1[0m discover_packages(colcon_meta) discover
[9.865s] [34mcolcon.colcon_core.package_discovery[0m [1;30mLevel 1[0m discover_packages(recursive) discover
[9.865s] [34mcolcon.colcon_core.package_discovery[0m [1;30mINFO[0m Crawling recursively for packages in '/root/Robotique-IOT/m3pro_teacher_ws'
[9.866s] [34mcolcon.colcon_core.package_identification[0m [1;30mLevel 1[0m _identify(.) by extensions ['ignore', 'ignore_ament_install']
[9.866s] [34mcolcon.colcon_core.package_identification[0m [1;30mLevel 1[0m _identify(.) by extension 'ignore'
[9.866s] [34mcolcon.colcon_core.package_identification[0m [1;30mLevel 1[0m _identify(.) by extension 'ignore_ament_install'
[9.867s] [34mcolcon.colcon_core.package_identification[0m [1;30mLevel 1[0m _identify(.) by extensions ['colcon_pkg']
[9.867s] [34mcolcon.colcon_core.package_identification[0m [1;30mLevel 1[0m _identify(.) by extension 'colcon_pkg'
[9.867s] [34mcolcon.colcon_core.package_identification[0m [1;30mLevel 1[0m _identify(.) by extensions ['colcon_meta']
[9.867s] [34mcolcon.colcon_core.package_identification[0m [1;30mLevel 1[0m _identify(.) by extension 'colcon_meta'
[9.867s] [34mcolcon.colcon_core.package_identification[0m [1;30mLevel 1[0m _identify(.) by extensions ['ros']
[9.867s] [34mcolcon.colcon_core.package_identification[0m [1;30mLevel 1[0m _identify(.) by extension 'ros'
[9.937s] [34mcolcon.colcon_core.package_identification[0m [1;30mLevel 1[0m _identify(.) by extensions ['cmake', 'python']
[9.937s] [34mcolcon.colcon_core.package_identification[0m [1;30mLevel 1[0m _identify(.) by extension 'cmake'
[9.938s] [34mcolcon.colcon_core.package_identification[0m [1;30mLevel 1[0m _identify(.) by extension 'python'
[9.938s] [34mcolcon.colcon_core.package_identification[0m [1;30mLevel 1[0m _identify(.) by extensions ['python_setup_py']
[9.938s] [34mcolcon.colcon_core.package_identification[0m [1;30mLevel 1[0m _identify(.) by extension 'python_setup_py'
[9.939s] [34mcolcon.colcon_core.package_identification[0m [1;30mLevel 1[0m _identify(build) by extensions ['ignore', 'ignore_ament_install']
[9.939s] [34mcolcon.colcon_core.package_identification[0m [1;30mLevel 1[0m _identify(build) by extension 'ignore'
[9.939s] [34mcolcon.colcon_core.package_identification[0m [1;30mLevel 1[0m _identify(build) ignored
[9.940s] [34mcolcon.colcon_core.package_identification[0m [1;30mLevel 1[0m _identify(install) by extensions ['ignore', 'ignore_ament_install']
[9.941s] [34mcolcon.colcon_core.package_identification[0m [1;30mLevel 1[0m _identify(install) by extension 'ignore'
[9.941s] [34mcolcon.colcon_core.package_identification[0m [1;30mLevel 1[0m _identify(install) ignored
[9.942s] [34mcolcon.colcon_core.package_identification[0m [1;30mLevel 1[0m _identify(log) by extensions ['ignore', 'ignore_ament_install']
[9.942s] [34mcolcon.colcon_core.package_identification[0m [1;30mLevel 1[0m _identify(log) by extension 'ignore'
[9.943s] [34mcolcon.colcon_core.package_identification[0m [1;30mLevel 1[0m _identify(log) ignored
[9.943s] [34mcolcon.colcon_core.package_identification[0m [1;30mLevel 1[0m _identify(scripts) by extensions ['ignore', 'ignore_ament_install']
[9.944s] [34mcolcon.colcon_core.package_identification[0m [1;30mLevel 1[0m _identify(scripts) by extension 'ignore'
[9.944s] [34mcolcon.colcon_core.package_identification[0m [1;30mLevel 1[0m _identify(scripts) by extension 'ignore_ament_install'
[9.944s] [34mcolcon.colcon_core.package_identification[0m [1;30mLevel 1[0m _identify(scripts) by extensions ['colcon_pkg']
[9.945s] [34mcolcon.colcon_core.package_identification[0m [1;30mLevel 1[0m _identify(scripts) by extension 'colcon_pkg'
[9.945s] [34mcolcon.colcon_core.package_identification[0m [1;30mLevel 1[0m _identify(scripts) by extensions ['colcon_meta']
[9.945s] [34mcolcon.colcon_core.package_identification[0m [1;30mLevel 1[0m _identify(scripts) by extension 'colcon_meta'
[9.945s] [34mcolcon.colcon_core.package_identification[0m [1;30mLevel 1[0m _identify(scripts) by extensions ['ros']
[9.945s] [34mcolcon.colcon_core.package_identification[0m [1;30mLevel 1[0m _identify(scripts) by extension 'ros'
[9.946s] [34mcolcon.colcon_core.package_identification[0m [1;30mLevel 1[0m _identify(scripts) by extensions ['cmake', 'python']
[9.946s] [34mcolcon.colcon_core.package_identification[0m [1;30mLevel 1[0m _identify(scripts) by extension 'cmake'
[9.946s] [34mcolcon.colcon_core.package_identification[0m [1;30mLevel 1[0m _identify(scripts) by extension 'python'
[9.947s] [34mcolcon.colcon_core.package_identification[0m [1;30mLevel 1[0m _identify(scripts) by extensions ['python_setup_py']
[9.947s] [34mcolcon.colcon_core.package_identification[0m [1;30mLevel 1[0m _identify(scripts) by extension 'python_setup_py'
[9.947s] [34mcolcon.colcon_core.package_identification[0m [1;30mLevel 1[0m _identify(src) by extensions ['ignore', 'ignore_ament_install']
[9.948s] [34mcolcon.colcon_core.package_identification[0m [1;30mLevel 1[0m _identify(src) by extension 'ignore'
[9.948s] [34mcolcon.colcon_core.package_identification[0m [1;30mLevel 1[0m _identify(src) by extension 'ignore_ament_install'
[9.948s] [34mcolcon.colcon_core.package_identification[0m [1;30mLevel 1[0m _identify(src) by extensions ['colcon_pkg']
[9.948s] [34mcolcon.colcon_core.package_identification[0m [1;30mLevel 1[0m _identify(src) by extension 'colcon_pkg'
[9.948s] [34mcolcon.colcon_core.package_identification[0m [1;30mLevel 1[0m _identify(src) by extensions ['colcon_meta']
[9.949s] [34mcolcon.colcon_core.package_identification[0m [1;30mLevel 1[0m _identify(src) by extension 'colcon_meta'
[9.949s] [34mcolcon.colcon_core.package_identification[0m [1;30mLevel 1[0m _identify(src) by extensions ['ros']
[9.949s] [34mcolcon.colcon_core.package_identification[0m [1;30mLevel 1[0m _identify(src) by extension 'ros'
[9.950s] [34mcolcon.colcon_core.package_identification[0m [1;30mLevel 1[0m _identify(src) by extensions ['cmake', 'python']
[9.950s] [34mcolcon.colcon_core.package_identification[0m [1;30mLevel 1[0m _identify(src) by extension 'cmake'
[9.950s] [34mcolcon.colcon_core.package_identification[0m [1;30mLevel 1[0m _identify(src) by extension 'python'
[9.950s] [34mcolcon.colcon_core.package_identification[0m [1;30mLevel 1[0m _identify(src) by extensions ['python_setup_py']
[9.950s] [34mcolcon.colcon_core.package_identification[0m [1;30mLevel 1[0m _identify(src) by extension 'python_setup_py'
[9.951s] [34mcolcon.colcon_core.package_identification[0m [1;30mLevel 1[0m _identify(src/m3pro_teacher_demos) by extensions ['ignore', 'ignore_ament_install']
[9.951s] [34mcolcon.colcon_core.package_identification[0m [1;30mLevel 1[0m _identify(src/m3pro_teacher_demos) by extension 'ignore'
[9.952s] [34mcolcon.colcon_core.package_identification[0m [1;30mLevel 1[0m _identify(src/m3pro_teacher_demos) by extension 'ignore_ament_install'
[9.952s] [34mcolcon.colcon_core.package_identification[0m [1;30mLevel 1[0m _identify(src/m3pro_teacher_demos) by extensions ['colcon_pkg']
[9.952s] [34mcolcon.colcon_core.package_identification[0m [1;30mLevel 1[0m _identify(src/m3pro_teacher_demos) by extension 'colcon_pkg'
[9.952s] [34mcolcon.colcon_core.package_identification[0m [1;30mLevel 1[0m _identify(src/m3pro_teacher_demos) by extensions ['colcon_meta']
[9.952s] [34mcolcon.colcon_core.package_identification[0m [1;30mLevel 1[0m _identify(src/m3pro_teacher_demos) by extension 'colcon_meta'
[9.953s] [34mcolcon.colcon_core.package_identification[0m [1;30mLevel 1[0m _identify(src/m3pro_teacher_demos) by extensions ['ros']
[9.953s] [34mcolcon.colcon_core.package_identification[0m [1;30mLevel 1[0m _identify(src/m3pro_teacher_demos) by extension 'ros'
[9.965s] [34mcolcon.colcon_core.package_identification[0m [1;30mDEBUG[0m [32mPackage 'src/m3pro_teacher_demos' with type 'ros.ament_python' and name 'm3pro_teacher_demos'[0m
[9.966s] [34mcolcon.colcon_core.package_identification[0m [1;30mLevel 1[0m _identify(src/m3pro_teacher_description) by extensions ['ignore', 'ignore_ament_install']
[9.967s] [34mcolcon.colcon_core.package_identification[0m [1;30mLevel 1[0m _identify(src/m3pro_teacher_description) by extension 'ignore'
[9.967s] [34mcolcon.colcon_core.package_identification[0m [1;30mLevel 1[0m _identify(src/m3pro_teacher_description) by extension 'ignore_ament_install'
[9.967s] [34mcolcon.colcon_core.package_identification[0m [1;30mLevel 1[0m _identify(src/m3pro_teacher_description) by extensions ['colcon_pkg']
[9.967s] [34mcolcon.colcon_core.package_identification[0m [1;30mLevel 1[0m _identify(src/m3pro_teacher_description) by extension 'colcon_pkg'
[9.967s] [34mcolcon.colcon_core.package_identification[0m [1;30mLevel 1[0m _identify(src/m3pro_teacher_description) by extensions ['colcon_meta']
[9.968s] [34mcolcon.colcon_core.package_identification[0m [1;30mLevel 1[0m _identify(src/m3pro_teacher_description) by extension 'colcon_meta'
[9.968s] [34mcolcon.colcon_core.package_identification[0m [1;30mLevel 1[0m _identify(src/m3pro_teacher_description) by extensions ['ros']
[9.968s] [34mcolcon.colcon_core.package_identification[0m [1;30mLevel 1[0m _identify(src/m3pro_teacher_description) by extension 'ros'
[9.970s] [34mcolcon.colcon_core.package_identification[0m [1;30mDEBUG[0m [32mPackage 'src/m3pro_teacher_description' with type 'ros.ament_cmake' and name 'm3pro_teacher_description'[0m
[9.971s] [34mcolcon.colcon_core.package_identification[0m [1;30mLevel 1[0m _identify(src/m3pro_teacher_interfaces) by extensions ['ignore', 'ignore_ament_install']
[9.971s] [34mcolcon.colcon_core.package_identification[0m [1;30mLevel 1[0m _identify(src/m3pro_teacher_interfaces) by extension 'ignore'
[9.971s] [34mcolcon.colcon_core.package_identification[0m [1;30mLevel 1[0m _identify(src/m3pro_teacher_interfaces) by extension 'ignore_ament_install'
[9.972s] [34mcolcon.colcon_core.package_identification[0m [1;30mLevel 1[0m _identify(src/m3pro_teacher_interfaces) by extensions ['colcon_pkg']
[9.972s] [34mcolcon.colcon_core.package_identification[0m [1;30mLevel 1[0m _identify(src/m3pro_teacher_interfaces) by extension 'colcon_pkg'
[9.972s] [34mcolcon.colcon_core.package_identification[0m [1;30mLevel 1[0m _identify(src/m3pro_teacher_interfaces) by extensions ['colcon_meta']
[9.972s] [34mcolcon.colcon_core.package_identification[0m [1;30mLevel 1[0m _identify(src/m3pro_teacher_interfaces) by extension 'colcon_meta'
[9.972s] [34mcolcon.colcon_core.package_identification[0m [1;30mLevel 1[0m _identify(src/m3pro_teacher_interfaces) by extensions ['ros']
[9.972s] [34mcolcon.colcon_core.package_identification[0m [1;30mLevel 1[0m _identify(src/m3pro_teacher_interfaces) by extension 'ros'
[9.975s] [34mcolcon.colcon_core.package_identification[0m [1;30mDEBUG[0m [32mPackage 'src/m3pro_teacher_interfaces' with type 'ros.ament_cmake' and name 'm3pro_teacher_interfaces'[0m
[9.975s] [34mcolcon.colcon_core.package_identification[0m [1;30mLevel 1[0m _identify(src/m3pro_teacher_nav) by extensions ['ignore', 'ignore_ament_install']
[9.976s] [34mcolcon.colcon_core.package_identification[0m [1;30mLevel 1[0m _identify(src/m3pro_teacher_nav) by extension 'ignore'
[9.976s] [34mcolcon.colcon_core.package_identification[0m [1;30mLevel 1[0m _identify(src/m3pro_teacher_nav) by extension 'ignore_ament_install'
[9.976s] [34mcolcon.colcon_core.package_identification[0m [1;30mLevel 1[0m _identify(src/m3pro_teacher_nav) by extensions ['colcon_pkg']
[9.976s] [34mcolcon.colcon_core.package_identification[0m [1;30mLevel 1[0m _identify(src/m3pro_teacher_nav) by extension 'colcon_pkg'
[9.976s] [34mcolcon.colcon_core.package_identification[0m [1;30mLevel 1[0m _identify(src/m3pro_teacher_nav) by extensions ['colcon_meta']
[9.977s] [34mcolcon.colcon_core.package_identification[0m [1;30mLevel 1[0m _identify(src/m3pro_teacher_nav) by extension 'colcon_meta'
[9.977s] [34mcolcon.colcon_core.package_identification[0m [1;30mLevel 1[0m _identify(src/m3pro_teacher_nav) by extensions ['ros']
[9.977s] [34mcolcon.colcon_core.package_identification[0m [1;30mLevel 1[0m _identify(src/m3pro_teacher_nav) by extension 'ros'
[9.979s] [34mcolcon.colcon_core.package_identification[0m [1;30mDEBUG[0m [32mPackage 'src/m3pro_teacher_nav' with type 'ros.ament_cmake' and name 'm3pro_teacher_nav'[0m
[9.980s] [34mcolcon.colcon_core.package_identification[0m [1;30mLevel 1[0m _identify(src/m3pro_teacher_vision) by extensions ['ignore', 'ignore_ament_install']
[9.980s] [34mcolcon.colcon_core.package_identification[0m [1;30mLevel 1[0m _identify(src/m3pro_teacher_vision) by extension 'ignore'
[9.981s] [34mcolcon.colcon_core.package_identification[0m [1;30mLevel 1[0m _identify(src/m3pro_teacher_vision) by extension 'ignore_ament_install'
[9.981s] [34mcolcon.colcon_core.package_identification[0m [1;30mLevel 1[0m _identify(src/m3pro_teacher_vision) by extensions ['colcon_pkg']
[9.981s] [34mcolcon.colcon_core.package_identification[0m [1;30mLevel 1[0m _identify(src/m3pro_teacher_vision) by extension 'colcon_pkg'
[9.981s] [34mcolcon.colcon_core.package_identification[0m [1;30mLevel 1[0m _identify(src/m3pro_teacher_vision) by extensions ['colcon_meta']
[9.982s] [34mcolcon.colcon_core.package_identification[0m [1;30mLevel 1[0m _identify(src/m3pro_teacher_vision) by extension 'colcon_meta'
[9.982s] [34mcolcon.colcon_core.package_identification[0m [1;30mLevel 1[0m _identify(src/m3pro_teacher_vision) by extensions ['ros']
[9.982s] [34mcolcon.colcon_core.package_identification[0m [1;30mLevel 1[0m _identify(src/m3pro_teacher_vision) by extension 'ros'
[9.985s] [34mcolcon.colcon_core.package_identification[0m [1;30mDEBUG[0m [32mPackage 'src/m3pro_teacher_vision' with type 'ros.ament_python' and name 'm3pro_teacher_vision'[0m
[9.986s] [34mcolcon.colcon_core.package_identification[0m [1;30mLevel 1[0m _identify(src/m3pro_teacher_web) by extensions ['ignore', 'ignore_ament_install']
[9.986s] [34mcolcon.colcon_core.package_identification[0m [1;30mLevel 1[0m _identify(src/m3pro_teacher_web) by extension 'ignore'
[9.986s] [34mcolcon.colcon_core.package_identification[0m [1;30mLevel 1[0m _identify(src/m3pro_teacher_web) by extension 'ignore_ament_install'
[9.987s] [34mcolcon.colcon_core.package_identification[0m [1;30mLevel 1[0m _identify(src/m3pro_teacher_web) by extensions ['colcon_pkg']
[9.987s] [34mcolcon.colcon_core.package_identification[0m [1;30mLevel 1[0m _identify(src/m3pro_teacher_web) by extension 'colcon_pkg'
[9.987s] [34mcolcon.colcon_core.package_identification[0m [1;30mLevel 1[0m _identify(src/m3pro_teacher_web) by extensions ['colcon_meta']
[9.987s] [34mcolcon.colcon_core.package_identification[0m [1;30mLevel 1[0m _identify(src/m3pro_teacher_web) by extension 'colcon_meta'
[9.987s] [34mcolcon.colcon_core.package_identification[0m [1;30mLevel 1[0m _identify(src/m3pro_teacher_web) by extensions ['ros']
[9.988s] [34mcolcon.colcon_core.package_identification[0m [1;30mLevel 1[0m _identify(src/m3pro_teacher_web) by extension 'ros'
[9.990s] [34mcolcon.colcon_core.package_identification[0m [1;30mDEBUG[0m [32mPackage 'src/m3pro_teacher_web' with type 'ros.ament_python' and name 'm3pro_teacher_web'[0m
[9.990s] [34mcolcon.colcon_core.package_discovery[0m [1;30mLevel 1[0m discover_packages(recursive) using defaults
[9.990s] [34mcolcon.colcon_core.package_discovery[0m [1;30mLevel 1[0m discover_packages(ignore) discover
[9.990s] [34mcolcon.colcon_core.package_discovery[0m [1;30mLevel 1[0m discover_packages(ignore) using defaults
[9.990s] [34mcolcon.colcon_core.package_discovery[0m [1;30mLevel 1[0m discover_packages(path) discover
[9.991s] [34mcolcon.colcon_core.package_discovery[0m [1;30mLevel 1[0m discover_packages(path) using defaults
[10.516s] [34mcolcon.colcon_core.verb[0m [1;30mLevel 5[0m set package 'm3pro_teacher_description' build argument 'cmake_args' from command line to 'None'
[10.516s] [34mcolcon.colcon_core.verb[0m [1;30mLevel 5[0m set package 'm3pro_teacher_description' build argument 'cmake_target' from command line to 'None'
[10.516s] [34mcolcon.colcon_core.verb[0m [1;30mLevel 5[0m set package 'm3pro_teacher_description' build argument 'cmake_target_skip_unavailable' from command line to 'False'
[10.516s] [34mcolcon.colcon_core.verb[0m [1;30mLevel 5[0m set package 'm3pro_teacher_description' build argument 'cmake_clean_cache' from command line to 'False'
[10.516s] [34mcolcon.colcon_core.verb[0m [1;30mLevel 5[0m set package 'm3pro_teacher_description' build argument 'cmake_clean_first' from command line to 'False'
[10.516s] [34mcolcon.colcon_core.verb[0m [1;30mLevel 5[0m set package 'm3pro_teacher_description' build argument 'cmake_force_configure' from command line to 'False'
[10.517s] [34mcolcon.colcon_core.verb[0m [1;30mLevel 5[0m set package 'm3pro_teacher_description' build argument 'ament_cmake_args' from command line to 'None'
[10.517s] [34mcolcon.colcon_core.verb[0m [1;30mLevel 5[0m set package 'm3pro_teacher_description' build argument 'catkin_cmake_args' from command line to 'None'
[10.517s] [34mcolcon.colcon_core.verb[0m [1;30mLevel 5[0m set package 'm3pro_teacher_description' build argument 'catkin_skip_building_tests' from command line to 'False'
[10.517s] [34mcolcon.colcon_core.verb[0m [1;30mDEBUG[0m [32mBuilding package 'm3pro_teacher_description' with the following arguments: {'ament_cmake_args': None, 'build_base': '/root/Robotique-IOT/m3pro_teacher_ws/build/m3pro_teacher_description', 'catkin_cmake_args': None, 'catkin_skip_building_tests': False, 'cmake_args': None, 'cmake_clean_cache': False, 'cmake_clean_first': False, 'cmake_force_configure': False, 'cmake_target': None, 'cmake_target_skip_unavailable': False, 'install_base': '/root/Robotique-IOT/m3pro_teacher_ws/install/m3pro_teacher_description', 'merge_install': False, 'path': '/root/Robotique-IOT/m3pro_teacher_ws/src/m3pro_teacher_description', 'symlink_install': True, 'test_result_base': None}[0m
[10.621s] [34mcolcon.colcon_core.verb[0m [1;30mLevel 5[0m set package 'm3pro_teacher_interfaces' build argument 'cmake_args' from command line to 'None'
[10.622s] [34mcolcon.colcon_core.verb[0m [1;30mLevel 5[0m set package 'm3pro_teacher_interfaces' build argument 'cmake_target' from command line to 'None'
[10.622s] [34mcolcon.colcon_core.verb[0m [1;30mLevel 5[0m set package 'm3pro_teacher_interfaces' build argument 'cmake_target_skip_unavailable' from command line to 'False'
[10.622s] [34mcolcon.colcon_core.verb[0m [1;30mLevel 5[0m set package 'm3pro_teacher_interfaces' build argument 'cmake_clean_cache' from command line to 'False'
[10.622s] [34mcolcon.colcon_core.verb[0m [1;30mLevel 5[0m set package 'm3pro_teacher_interfaces' build argument 'cmake_clean_first' from command line to 'False'
[10.622s] [34mcolcon.colcon_core.verb[0m [1;30mLevel 5[0m set package 'm3pro_teacher_interfaces' build argument 'cmake_force_configure' from command line to 'False'
[10.622s] [34mcolcon.colcon_core.verb[0m [1;30mLevel 5[0m set package 'm3pro_teacher_interfaces' build argument 'ament_cmake_args' from command line to 'None'
[10.622s] [34mcolcon.colcon_core.verb[0m [1;30mLevel 5[0m set package 'm3pro_teacher_interfaces' build argument 'catkin_cmake_args' from command line to 'None'
[10.623s] [34mcolcon.colcon_core.verb[0m [1;30mLevel 5[0m set package 'm3pro_teacher_interfaces' build argument 'catkin_skip_building_tests' from command line to 'False'
[10.623s] [34mcolcon.colcon_core.verb[0m [1;30mDEBUG[0m [32mBuilding package 'm3pro_teacher_interfaces' with the following arguments: {'ament_cmake_args': None, 'build_base': '/root/Robotique-IOT/m3pro_teacher_ws/build/m3pro_teacher_interfaces', 'catkin_cmake_args': None, 'catkin_skip_building_tests': False, 'cmake_args': None, 'cmake_clean_cache': False, 'cmake_clean_first': False, 'cmake_force_configure': False, 'cmake_target': None, 'cmake_target_skip_unavailable': False, 'install_base': '/root/Robotique-IOT/m3pro_teacher_ws/install/m3pro_teacher_interfaces', 'merge_install': False, 'path': '/root/Robotique-IOT/m3pro_teacher_ws/src/m3pro_teacher_interfaces', 'symlink_install': True, 'test_result_base': None}[0m
[10.730s] [34mcolcon.colcon_core.verb[0m [1;30mLevel 5[0m set package 'm3pro_teacher_demos' build argument 'cmake_args' from command line to 'None'
[10.730s] [34mcolcon.colcon_core.verb[0m [1;30mLevel 5[0m set package 'm3pro_teacher_demos' build argument 'cmake_target' from command line to 'None'
[10.730s] [34mcolcon.colcon_core.verb[0m [1;30mLevel 5[0m set package 'm3pro_teacher_demos' build argument 'cmake_target_skip_unavailable' from command line to 'False'
[10.731s] [34mcolcon.colcon_core.verb[0m [1;30mLevel 5[0m set package 'm3pro_teacher_demos' build argument 'cmake_clean_cache' from command line to 'False'
[10.731s] [34mcolcon.colcon_core.verb[0m [1;30mLevel 5[0m set package 'm3pro_teacher_demos' build argument 'cmake_clean_first' from command line to 'False'
[10.731s] [34mcolcon.colcon_core.verb[0m [1;30mLevel 5[0m set package 'm3pro_teacher_demos' build argument 'cmake_force_configure' from command line to 'False'
[10.731s] [34mcolcon.colcon_core.verb[0m [1;30mLevel 5[0m set package 'm3pro_teacher_demos' build argument 'ament_cmake_args' from command line to 'None'
[10.731s] [34mcolcon.colcon_core.verb[0m [1;30mLevel 5[0m set package 'm3pro_teacher_demos' build argument 'catkin_cmake_args' from command line to 'None'
[10.731s] [34mcolcon.colcon_core.verb[0m [1;30mLevel 5[0m set package 'm3pro_teacher_demos' build argument 'catkin_skip_building_tests' from command line to 'False'
[10.731s] [34mcolcon.colcon_core.verb[0m [1;30mDEBUG[0m [32mBuilding package 'm3pro_teacher_demos' with the following arguments: {'ament_cmake_args': None, 'build_base': '/root/Robotique-IOT/m3pro_teacher_ws/build/m3pro_teacher_demos', 'catkin_cmake_args': None, 'catkin_skip_building_tests': False, 'cmake_args': None, 'cmake_clean_cache': False, 'cmake_clean_first': False, 'cmake_force_configure': False, 'cmake_target': None, 'cmake_target_skip_unavailable': False, 'install_base': '/root/Robotique-IOT/m3pro_teacher_ws/install/m3pro_teacher_demos', 'merge_install': False, 'path': '/root/Robotique-IOT/m3pro_teacher_ws/src/m3pro_teacher_demos', 'symlink_install': True, 'test_result_base': None}[0m
[10.835s] [34mcolcon.colcon_core.verb[0m [1;30mLevel 5[0m set package 'm3pro_teacher_vision' build argument 'cmake_args' from command line to 'None'
[10.835s] [34mcolcon.colcon_core.verb[0m [1;30mLevel 5[0m set package 'm3pro_teacher_vision' build argument 'cmake_target' from command line to 'None'
[10.836s] [34mcolcon.colcon_core.verb[0m [1;30mLevel 5[0m set package 'm3pro_teacher_vision' build argument 'cmake_target_skip_unavailable' from command line to 'False'
[10.836s] [34mcolcon.colcon_core.verb[0m [1;30mLevel 5[0m set package 'm3pro_teacher_vision' build argument 'cmake_clean_cache' from command line to 'False'
[10.836s] [34mcolcon.colcon_core.verb[0m [1;30mLevel 5[0m set package 'm3pro_teacher_vision' build argument 'cmake_clean_first' from command line to 'False'
[10.836s] [34mcolcon.colcon_core.verb[0m [1;30mLevel 5[0m set package 'm3pro_teacher_vision' build argument 'cmake_force_configure' from command line to 'False'
[10.836s] [34mcolcon.colcon_core.verb[0m [1;30mLevel 5[0m set package 'm3pro_teacher_vision' build argument 'ament_cmake_args' from command line to 'None'
[10.836s] [34mcolcon.colcon_core.verb[0m [1;30mLevel 5[0m set package 'm3pro_teacher_vision' build argument 'catkin_cmake_args' from command line to 'None'
[10.836s] [34mcolcon.colcon_core.verb[0m [1;30mLevel 5[0m set package 'm3pro_teacher_vision' build argument 'catkin_skip_building_tests' from command line to 'False'
[10.837s] [34mcolcon.colcon_core.verb[0m [1;30mDEBUG[0m [32mBuilding package 'm3pro_teacher_vision' with the following arguments: {'ament_cmake_args': None, 'build_base': '/root/Robotique-IOT/m3pro_teacher_ws/build/m3pro_teacher_vision', 'catkin_cmake_args': None, 'catkin_skip_building_tests': False, 'cmake_args': None, 'cmake_clean_cache': False, 'cmake_clean_first': False, 'cmake_force_configure': False, 'cmake_target': None, 'cmake_target_skip_unavailable': False, 'install_base': '/root/Robotique-IOT/m3pro_teacher_ws/install/m3pro_teacher_vision', 'merge_install': False, 'path': '/root/Robotique-IOT/m3pro_teacher_ws/src/m3pro_teacher_vision', 'symlink_install': True, 'test_result_base': None}[0m
[10.943s] [34mcolcon.colcon_core.verb[0m [1;30mLevel 5[0m set package 'm3pro_teacher_nav' build argument 'cmake_args' from command line to 'None'
[10.943s] [34mcolcon.colcon_core.verb[0m [1;30mLevel 5[0m set package 'm3pro_teacher_nav' build argument 'cmake_target' from command line to 'None'
[10.943s] [34mcolcon.colcon_core.verb[0m [1;30mLevel 5[0m set package 'm3pro_teacher_nav' build argument 'cmake_target_skip_unavailable' from command line to 'False'
[10.943s] [34mcolcon.colcon_core.verb[0m [1;30mLevel 5[0m set package 'm3pro_teacher_nav' build argument 'cmake_clean_cache' from command line to 'False'
[10.944s] [34mcolcon.colcon_core.verb[0m [1;30mLevel 5[0m set package 'm3pro_teacher_nav' build argument 'cmake_clean_first' from command line to 'False'
[10.944s] [34mcolcon.colcon_core.verb[0m [1;30mLevel 5[0m set package 'm3pro_teacher_nav' build argument 'cmake_force_configure' from command line to 'False'
[10.944s] [34mcolcon.colcon_core.verb[0m [1;30mLevel 5[0m set package 'm3pro_teacher_nav' build argument 'ament_cmake_args' from command line to 'None'
[10.944s] [34mcolcon.colcon_core.verb[0m [1;30mLevel 5[0m set package 'm3pro_teacher_nav' build argument 'catkin_cmake_args' from command line to 'None'
[10.944s] [34mcolcon.colcon_core.verb[0m [1;30mLevel 5[0m set package 'm3pro_teacher_nav' build argument 'catkin_skip_building_tests' from command line to 'False'
[10.944s] [34mcolcon.colcon_core.verb[0m [1;30mDEBUG[0m [32mBuilding package 'm3pro_teacher_nav' with the following arguments: {'ament_cmake_args': None, 'build_base': '/root/Robotique-IOT/m3pro_teacher_ws/build/m3pro_teacher_nav', 'catkin_cmake_args': None, 'catkin_skip_building_tests': False, 'cmake_args': None, 'cmake_clean_cache': False, 'cmake_clean_first': False, 'cmake_force_configure': False, 'cmake_target': None, 'cmake_target_skip_unavailable': False, 'install_base': '/root/Robotique-IOT/m3pro_teacher_ws/install/m3pro_teacher_nav', 'merge_install': False, 'path': '/root/Robotique-IOT/m3pro_teacher_ws/src/m3pro_teacher_nav', 'symlink_install': True, 'test_result_base': None}[0m
[11.051s] [34mcolcon.colcon_core.verb[0m [1;30mLevel 5[0m set package 'm3pro_teacher_web' build argument 'cmake_args' from command line to 'None'
[11.051s] [34mcolcon.colcon_core.verb[0m [1;30mLevel 5[0m set package 'm3pro_teacher_web' build argument 'cmake_target' from command line to 'None'
[11.051s] [34mcolcon.colcon_core.verb[0m [1;30mLevel 5[0m set package 'm3pro_teacher_web' build argument 'cmake_target_skip_unavailable' from command line to 'False'
[11.052s] [34mcolcon.colcon_core.verb[0m [1;30mLevel 5[0m set package 'm3pro_teacher_web' build argument 'cmake_clean_cache' from command line to 'False'
[11.052s] [34mcolcon.colcon_core.verb[0m [1;30mLevel 5[0m set package 'm3pro_teacher_web' build argument 'cmake_clean_first' from command line to 'False'
[11.052s] [34mcolcon.colcon_core.verb[0m [1;30mLevel 5[0m set package 'm3pro_teacher_web' build argument 'cmake_force_configure' from command line to 'False'
[11.052s] [34mcolcon.colcon_core.verb[0m [1;30mLevel 5[0m set package 'm3pro_teacher_web' build argument 'ament_cmake_args' from command line to 'None'
[11.052s] [34mcolcon.colcon_core.verb[0m [1;30mLevel 5[0m set package 'm3pro_teacher_web' build argument 'catkin_cmake_args' from command line to 'None'
[11.052s] [34mcolcon.colcon_core.verb[0m [1;30mLevel 5[0m set package 'm3pro_teacher_web' build argument 'catkin_skip_building_tests' from command line to 'False'
[11.052s] [34mcolcon.colcon_core.verb[0m [1;30mDEBUG[0m [32mBuilding package 'm3pro_teacher_web' with the following arguments: {'ament_cmake_args': None, 'build_base': '/root/Robotique-IOT/m3pro_teacher_ws/build/m3pro_teacher_web', 'catkin_cmake_args': None, 'catkin_skip_building_tests': False, 'cmake_args': None, 'cmake_clean_cache': False, 'cmake_clean_first': False, 'cmake_force_configure': False, 'cmake_target': None, 'cmake_target_skip_unavailable': False, 'install_base': '/root/Robotique-IOT/m3pro_teacher_ws/install/m3pro_teacher_web', 'merge_install': False, 'path': '/root/Robotique-IOT/m3pro_teacher_ws/src/m3pro_teacher_web', 'symlink_install': True, 'test_result_base': None}[0m
[11.155s] [34mcolcon.colcon_core.executor[0m [1;30mINFO[0m Executing jobs using 'parallel' executor
[11.275s] [34mcolcon.colcon_parallel_executor.executor.parallel[0m [1;30mDEBUG[0m [32mrun_until_complete[0m
[11.275s] [34mcolcon.colcon_ros.task.ament_cmake.build[0m [1;30mINFO[0m Building ROS package in '/root/Robotique-IOT/m3pro_teacher_ws/src/m3pro_teacher_interfaces' with build type 'ament_cmake'
[11.276s] [34mcolcon.colcon_cmake.task.cmake.build[0m [1;30mINFO[0m Building CMake package in '/root/Robotique-IOT/m3pro_teacher_ws/src/m3pro_teacher_interfaces'
[11.400s] [34mcolcon.colcon_core.plugin_system[0m [1;30mINFO[0m Skipping extension 'colcon_core.shell.bat': Not used on non-Windows systems
[11.400s] [34mcolcon.colcon_core.shell[0m [1;30mINFO[0m Skip shell extension 'powershell' for command environment: Not usable outside of PowerShell
[11.401s] [34mcolcon.colcon_core.shell[0m [1;30mDEBUG[0m [32mSkip shell extension 'dsv' for command environment[0m
[11.873s] [34mcolcon.colcon_ros.task.ament_cmake.build[0m [1;30mINFO[0m Building ROS package in '/root/Robotique-IOT/m3pro_teacher_ws/src/m3pro_teacher_description' with build type 'ament_cmake'
[11.874s] [34mcolcon.colcon_cmake.task.cmake.build[0m [1;30mINFO[0m Building CMake package in '/root/Robotique-IOT/m3pro_teacher_ws/src/m3pro_teacher_description'
[11.985s] [34mcolcon.colcon_core.shell[0m [1;30mINFO[0m Skip shell extension 'powershell' for command environment: Not usable outside of PowerShell
[11.986s] [34mcolcon.colcon_core.shell[0m [1;30mDEBUG[0m [32mSkip shell extension 'dsv' for command environment[0m
[12.473s] [34mcolcon.colcon_core.event_handler.log_command[0m [1;30mDEBUG[0m [32mInvoking command in '/root/Robotique-IOT/m3pro_teacher_ws/build/m3pro_teacher_interfaces': CMAKE_PREFIX_PATH=${CMAKE_PREFIX_PATH}:/root/yahboomcar_ws/install/yahboomcar_mediapipe:/root/yahboomcar_ws/install/yahboomcar_ctrl:/root/yahboomcar_ws/install/yahboom_M3Pro_laser:/root/yahboomcar_ws/install/yahboom_M3Pro_description:/root/yahboomcar_ws/install/yahboom_M3Pro_DepthCam:/root/yahboomcar_ws/install/arm_driver:/root/yahboomcar_ws/install/M3Pro_demo:/root/yahboomcar_ws/install/M3Pro_MoveIt_demo:/root/M3Pro_ws/install/yahboom_multi:/root/M3Pro_ws/install/yahboom_app_save_map:/root/M3Pro_ws/install/text_chat:/root/M3Pro_ws/install/patrol:/root/M3Pro_ws/install/laserscan_to_point_publisher:/root/M3Pro_ws/install/largemodel_arm:/root/M3Pro_ws/install/largemodel:/root/M3Pro_ws/install/ekf_bringup:/root/M3Pro_ws/install/calibration:/opt/ros/humble /usr/bin/cmake /root/Robotique-IOT/m3pro_teacher_ws/src/m3pro_teacher_interfaces -DAMENT_CMAKE_SYMLINK_INSTALL=1 -DCMAKE_INSTALL_PREFIX=/root/Robotique-IOT/m3pro_teacher_ws/install/m3pro_teacher_interfaces[0m
[12.489s] [34mcolcon.colcon_core.event_handler.log_command[0m [1;30mDEBUG[0m [32mInvoking command in '/root/Robotique-IOT/m3pro_teacher_ws/build/m3pro_teacher_description': CMAKE_PREFIX_PATH=${CMAKE_PREFIX_PATH}:/root/yahboomcar_ws/install/yahboomcar_mediapipe:/root/yahboomcar_ws/install/yahboomcar_ctrl:/root/yahboomcar_ws/install/yahboom_M3Pro_laser:/root/yahboomcar_ws/install/yahboom_M3Pro_description:/root/yahboomcar_ws/install/yahboom_M3Pro_DepthCam:/root/yahboomcar_ws/install/arm_driver:/root/yahboomcar_ws/install/M3Pro_demo:/root/yahboomcar_ws/install/M3Pro_MoveIt_demo:/root/M3Pro_ws/install/yahboom_multi:/root/M3Pro_ws/install/yahboom_app_save_map:/root/M3Pro_ws/install/text_chat:/root/M3Pro_ws/install/patrol:/root/M3Pro_ws/install/laserscan_to_point_publisher:/root/M3Pro_ws/install/largemodel_arm:/root/M3Pro_ws/install/largemodel:/root/M3Pro_ws/install/ekf_bringup:/root/M3Pro_ws/install/calibration:/opt/ros/humble /usr/bin/cmake /root/Robotique-IOT/m3pro_teacher_ws/src/m3pro_teacher_description -DAMENT_CMAKE_SYMLINK_INSTALL=1 -DCMAKE_INSTALL_PREFIX=/root/Robotique-IOT/m3pro_teacher_ws/install/m3pro_teacher_description[0m
[18.724s] [34mcolcon.colcon_core.event_handler.log_command[0m [1;30mDEBUG[0m [32mInvoked command in '/root/Robotique-IOT/m3pro_teacher_ws/build/m3pro_teacher_description' returned '0': CMAKE_PREFIX_PATH=${CMAKE_PREFIX_PATH}:/root/yahboomcar_ws/install/yahboomcar_mediapipe:/root/yahboomcar_ws/install/yahboomcar_ctrl:/root/yahboomcar_ws/install/yahboom_M3Pro_laser:/root/yahboomcar_ws/install/yahboom_M3Pro_description:/root/yahboomcar_ws/install/yahboom_M3Pro_DepthCam:/root/yahboomcar_ws/install/arm_driver:/root/yahboomcar_ws/install/M3Pro_demo:/root/yahboomcar_ws/install/M3Pro_MoveIt_demo:/root/M3Pro_ws/install/yahboom_multi:/root/M3Pro_ws/install/yahboom_app_save_map:/root/M3Pro_ws/install/text_chat:/root/M3Pro_ws/install/patrol:/root/M3Pro_ws/install/laserscan_to_point_publisher:/root/M3Pro_ws/install/largemodel_arm:/root/M3Pro_ws/install/largemodel:/root/M3Pro_ws/install/ekf_bringup:/root/M3Pro_ws/install/calibration:/opt/ros/humble /usr/bin/cmake /root/Robotique-IOT/m3pro_teacher_ws/src/m3pro_teacher_description -DAMENT_CMAKE_SYMLINK_INSTALL=1 -DCMAKE_INSTALL_PREFIX=/root/Robotique-IOT/m3pro_teacher_ws/install/m3pro_teacher_description[0m
[18.730s] [34mcolcon.colcon_core.event_handler.log_command[0m [1;30mDEBUG[0m [32mInvoking command in '/root/Robotique-IOT/m3pro_teacher_ws/build/m3pro_teacher_description': CMAKE_PREFIX_PATH=${CMAKE_PREFIX_PATH}:/root/yahboomcar_ws/install/yahboomcar_mediapipe:/root/yahboomcar_ws/install/yahboomcar_ctrl:/root/yahboomcar_ws/install/yahboom_M3Pro_laser:/root/yahboomcar_ws/install/yahboom_M3Pro_description:/root/yahboomcar_ws/install/yahboom_M3Pro_DepthCam:/root/yahboomcar_ws/install/arm_driver:/root/yahboomcar_ws/install/M3Pro_demo:/root/yahboomcar_ws/install/M3Pro_MoveIt_demo:/root/M3Pro_ws/install/yahboom_multi:/root/M3Pro_ws/install/yahboom_app_save_map:/root/M3Pro_ws/install/text_chat:/root/M3Pro_ws/install/patrol:/root/M3Pro_ws/install/laserscan_to_point_publisher:/root/M3Pro_ws/install/largemodel_arm:/root/M3Pro_ws/install/largemodel:/root/M3Pro_ws/install/ekf_bringup:/root/M3Pro_ws/install/calibration:/opt/ros/humble /usr/bin/cmake --build /root/Robotique-IOT/m3pro_teacher_ws/build/m3pro_teacher_description -- -j4 -l4[0m
[18.865s] [34mcolcon.colcon_core.event_handler.log_command[0m [1;30mDEBUG[0m [32mInvoked command in '/root/Robotique-IOT/m3pro_teacher_ws/build/m3pro_teacher_description' returned '0': CMAKE_PREFIX_PATH=${CMAKE_PREFIX_PATH}:/root/yahboomcar_ws/install/yahboomcar_mediapipe:/root/yahboomcar_ws/install/yahboomcar_ctrl:/root/yahboomcar_ws/install/yahboom_M3Pro_laser:/root/yahboomcar_ws/install/yahboom_M3Pro_description:/root/yahboomcar_ws/install/yahboom_M3Pro_DepthCam:/root/yahboomcar_ws/install/arm_driver:/root/yahboomcar_ws/install/M3Pro_demo:/root/yahboomcar_ws/install/M3Pro_MoveIt_demo:/root/M3Pro_ws/install/yahboom_multi:/root/M3Pro_ws/install/yahboom_app_save_map:/root/M3Pro_ws/install/text_chat:/root/M3Pro_ws/install/patrol:/root/M3Pro_ws/install/laserscan_to_point_publisher:/root/M3Pro_ws/install/largemodel_arm:/root/M3Pro_ws/install/largemodel:/root/M3Pro_ws/install/ekf_bringup:/root/M3Pro_ws/install/calibration:/opt/ros/humble /usr/bin/cmake --build /root/Robotique-IOT/m3pro_teacher_ws/build/m3pro_teacher_description -- -j4 -l4[0m
[18.981s] [34mcolcon.colcon_core.event_handler.log_command[0m [1;30mDEBUG[0m [32mInvoking command in '/root/Robotique-IOT/m3pro_teacher_ws/build/m3pro_teacher_description': CMAKE_PREFIX_PATH=${CMAKE_PREFIX_PATH}:/root/yahboomcar_ws/install/yahboomcar_mediapipe:/root/yahboomcar_ws/install/yahboomcar_ctrl:/root/yahboomcar_ws/install/yahboom_M3Pro_laser:/root/yahboomcar_ws/install/yahboom_M3Pro_description:/root/yahboomcar_ws/install/yahboom_M3Pro_DepthCam:/root/yahboomcar_ws/install/arm_driver:/root/yahboomcar_ws/install/M3Pro_demo:/root/yahboomcar_ws/install/M3Pro_MoveIt_demo:/root/M3Pro_ws/install/yahboom_multi:/root/M3Pro_ws/install/yahboom_app_save_map:/root/M3Pro_ws/install/text_chat:/root/M3Pro_ws/install/patrol:/root/M3Pro_ws/install/laserscan_to_point_publisher:/root/M3Pro_ws/install/largemodel_arm:/root/M3Pro_ws/install/largemodel:/root/M3Pro_ws/install/ekf_bringup:/root/M3Pro_ws/install/calibration:/opt/ros/humble /usr/bin/cmake --install /root/Robotique-IOT/m3pro_teacher_ws/build/m3pro_teacher_description[0m
[19.589s] [34mcolcon.colcon_core.environment[0m [1;30mLevel 1[0m create_environment_scripts_only(m3pro_teacher_description)
[19.591s] [34mcolcon.colcon_core.event_handler.log_command[0m [1;30mDEBUG[0m [32mInvoked command in '/root/Robotique-IOT/m3pro_teacher_ws/build/m3pro_teacher_description' returned '0': CMAKE_PREFIX_PATH=${CMAKE_PREFIX_PATH}:/root/yahboomcar_ws/install/yahboomcar_mediapipe:/root/yahboomcar_ws/install/yahboomcar_ctrl:/root/yahboomcar_ws/install/yahboom_M3Pro_laser:/root/yahboomcar_ws/install/yahboom_M3Pro_description:/root/yahboomcar_ws/install/yahboom_M3Pro_DepthCam:/root/yahboomcar_ws/install/arm_driver:/root/yahboomcar_ws/install/M3Pro_demo:/root/yahboomcar_ws/install/M3Pro_MoveIt_demo:/root/M3Pro_ws/install/yahboom_multi:/root/M3Pro_ws/install/yahboom_app_save_map:/root/M3Pro_ws/install/text_chat:/root/M3Pro_ws/install/patrol:/root/M3Pro_ws/install/laserscan_to_point_publisher:/root/M3Pro_ws/install/largemodel_arm:/root/M3Pro_ws/install/largemodel:/root/M3Pro_ws/install/ekf_bringup:/root/M3Pro_ws/install/calibration:/opt/ros/humble /usr/bin/cmake --install /root/Robotique-IOT/m3pro_teacher_ws/build/m3pro_teacher_description[0m
[19.730s] [34mcolcon.colcon_core.environment[0m [1;30mLevel 1[0m checking '/root/Robotique-IOT/m3pro_teacher_ws/install/m3pro_teacher_description' for CMake module files
[19.733s] [34mcolcon.colcon_core.environment[0m [1;30mLevel 1[0m checking '/root/Robotique-IOT/m3pro_teacher_ws/install/m3pro_teacher_description' for CMake config files
[19.735s] [34mcolcon.colcon_core.shell[0m [1;30mLevel 1[0m create_environment_hook('m3pro_teacher_description', 'cmake_prefix_path')
[19.844s] [34mcolcon.colcon_core.shell[0m [1;30mINFO[0m Creating environment hook '/root/Robotique-IOT/m3pro_teacher_ws/install/m3pro_teacher_description/share/m3pro_teacher_description/hook/cmake_prefix_path.ps1'
[19.850s] [34mcolcon.colcon_core.shell[0m [1;30mINFO[0m Creating environment descriptor '/root/Robotique-IOT/m3pro_teacher_ws/install/m3pro_teacher_description/share/m3pro_teacher_description/hook/cmake_prefix_path.dsv'
[19.852s] [34mcolcon.colcon_core.shell[0m [1;30mINFO[0m Creating environment hook '/root/Robotique-IOT/m3pro_teacher_ws/install/m3pro_teacher_description/share/m3pro_teacher_description/hook/cmake_prefix_path.sh'
[19.856s] [34mcolcon.colcon_core.environment[0m [1;30mLevel 1[0m checking '/root/Robotique-IOT/m3pro_teacher_ws/install/m3pro_teacher_description/bin'
[19.856s] [34mcolcon.colcon_core.environment[0m [1;30mLevel 1[0m checking '/root/Robotique-IOT/m3pro_teacher_ws/install/m3pro_teacher_description/lib/pkgconfig/m3pro_teacher_description.pc'
[19.861s] [34mcolcon.colcon_core.environment[0m [1;30mLevel 1[0m checking '/root/Robotique-IOT/m3pro_teacher_ws/install/m3pro_teacher_description/lib/python3.10/site-packages'
[19.862s] [34mcolcon.colcon_core.environment[0m [1;30mLevel 1[0m checking '/root/Robotique-IOT/m3pro_teacher_ws/install/m3pro_teacher_description/bin'
[19.974s] [34mcolcon.colcon_core.shell[0m [1;30mINFO[0m Creating package script '/root/Robotique-IOT/m3pro_teacher_ws/install/m3pro_teacher_description/share/m3pro_teacher_description/package.ps1'
[19.978s] [34mcolcon.colcon_core.shell[0m [1;30mINFO[0m Creating package descriptor '/root/Robotique-IOT/m3pro_teacher_ws/install/m3pro_teacher_description/share/m3pro_teacher_description/package.dsv'
[19.981s] [34mcolcon.colcon_core.shell[0m [1;30mINFO[0m Creating package script '/root/Robotique-IOT/m3pro_teacher_ws/install/m3pro_teacher_description/share/m3pro_teacher_description/package.sh'
[19.985s] [34mcolcon.colcon_core.shell[0m [1;30mINFO[0m Creating package script '/root/Robotique-IOT/m3pro_teacher_ws/install/m3pro_teacher_description/share/m3pro_teacher_description/package.bash'
[19.989s] [34mcolcon.colcon_core.shell[0m [1;30mINFO[0m Creating package script '/root/Robotique-IOT/m3pro_teacher_ws/install/m3pro_teacher_description/share/m3pro_teacher_description/package.zsh'
[19.993s] [34mcolcon.colcon_core.environment[0m [1;30mLevel 1[0m create_file_with_runtime_dependencies(/root/Robotique-IOT/m3pro_teacher_ws/install/m3pro_teacher_description/share/colcon-core/packages/m3pro_teacher_description)
[20.212s] [34mcolcon.colcon_core.environment[0m [1;30mLevel 1[0m create_environment_scripts_only(m3pro_teacher_description)
[20.338s] [34mcolcon.colcon_core.environment[0m [1;30mLevel 1[0m checking '/root/Robotique-IOT/m3pro_teacher_ws/install/m3pro_teacher_description' for CMake module files
[20.340s] [34mcolcon.colcon_core.environment[0m [1;30mLevel 1[0m checking '/root/Robotique-IOT/m3pro_teacher_ws/install/m3pro_teacher_description' for CMake config files
[20.342s] [34mcolcon.colcon_core.shell[0m [1;30mLevel 1[0m create_environment_hook('m3pro_teacher_description', 'cmake_prefix_path')
[20.468s] [34mcolcon.colcon_core.shell[0m [1;30mINFO[0m Creating environment hook '/root/Robotique-IOT/m3pro_teacher_ws/install/m3pro_teacher_description/share/m3pro_teacher_description/hook/cmake_prefix_path.ps1'
[20.470s] [34mcolcon.colcon_core.shell[0m [1;30mINFO[0m Creating environment descriptor '/root/Robotique-IOT/m3pro_teacher_ws/install/m3pro_teacher_description/share/m3pro_teacher_description/hook/cmake_prefix_path.dsv'
[20.472s] [34mcolcon.colcon_core.shell[0m [1;30mINFO[0m Creating environment hook '/root/Robotique-IOT/m3pro_teacher_ws/install/m3pro_teacher_description/share/m3pro_teacher_description/hook/cmake_prefix_path.sh'
[20.475s] [34mcolcon.colcon_core.environment[0m [1;30mLevel 1[0m checking '/root/Robotique-IOT/m3pro_teacher_ws/install/m3pro_teacher_description/bin'
[20.475s] [34mcolcon.colcon_core.environment[0m [1;30mLevel 1[0m checking '/root/Robotique-IOT/m3pro_teacher_ws/install/m3pro_teacher_description/lib/pkgconfig/m3pro_teacher_description.pc'
[20.476s] [34mcolcon.colcon_core.environment[0m [1;30mLevel 1[0m checking '/root/Robotique-IOT/m3pro_teacher_ws/install/m3pro_teacher_description/lib/python3.10/site-packages'
[20.477s] [34mcolcon.colcon_core.environment[0m [1;30mLevel 1[0m checking '/root/Robotique-IOT/m3pro_teacher_ws/install/m3pro_teacher_description/bin'
[20.594s] [34mcolcon.colcon_core.shell[0m [1;30mINFO[0m Creating package script '/root/Robotique-IOT/m3pro_teacher_ws/install/m3pro_teacher_description/share/m3pro_teacher_description/package.ps1'
[20.596s] [34mcolcon.colcon_core.shell[0m [1;30mINFO[0m Creating package descriptor '/root/Robotique-IOT/m3pro_teacher_ws/install/m3pro_teacher_description/share/m3pro_teacher_description/package.dsv'
[20.598s] [34mcolcon.colcon_core.shell[0m [1;30mINFO[0m Creating package script '/root/Robotique-IOT/m3pro_teacher_ws/install/m3pro_teacher_description/share/m3pro_teacher_description/package.sh'
[20.600s] [34mcolcon.colcon_core.shell[0m [1;30mINFO[0m Creating package script '/root/Robotique-IOT/m3pro_teacher_ws/install/m3pro_teacher_description/share/m3pro_teacher_description/package.bash'
[20.602s] [34mcolcon.colcon_core.shell[0m [1;30mINFO[0m Creating package script '/root/Robotique-IOT/m3pro_teacher_ws/install/m3pro_teacher_description/share/m3pro_teacher_description/package.zsh'
[20.603s] [34mcolcon.colcon_core.environment[0m [1;30mLevel 1[0m create_file_with_runtime_dependencies(/root/Robotique-IOT/m3pro_teacher_ws/install/m3pro_teacher_description/share/colcon-core/packages/m3pro_teacher_description)
[25.573s] [34mcolcon.colcon_core.event_handler.log_command[0m [1;30mDEBUG[0m [32mInvoked command in '/root/Robotique-IOT/m3pro_teacher_ws/build/m3pro_teacher_interfaces' returned '0': CMAKE_PREFIX_PATH=${CMAKE_PREFIX_PATH}:/root/yahboomcar_ws/install/yahboomcar_mediapipe:/root/yahboomcar_ws/install/yahboomcar_ctrl:/root/yahboomcar_ws/install/yahboom_M3Pro_laser:/root/yahboomcar_ws/install/yahboom_M3Pro_description:/root/yahboomcar_ws/install/yahboom_M3Pro_DepthCam:/root/yahboomcar_ws/install/arm_driver:/root/yahboomcar_ws/install/M3Pro_demo:/root/yahboomcar_ws/install/M3Pro_MoveIt_demo:/root/M3Pro_ws/install/yahboom_multi:/root/M3Pro_ws/install/yahboom_app_save_map:/root/M3Pro_ws/install/text_chat:/root/M3Pro_ws/install/patrol:/root/M3Pro_ws/install/laserscan_to_point_publisher:/root/M3Pro_ws/install/largemodel_arm:/root/M3Pro_ws/install/largemodel:/root/M3Pro_ws/install/ekf_bringup:/root/M3Pro_ws/install/calibration:/opt/ros/humble /usr/bin/cmake /root/Robotique-IOT/m3pro_teacher_ws/src/m3pro_teacher_interfaces -DAMENT_CMAKE_SYMLINK_INSTALL=1 -DCMAKE_INSTALL_PREFIX=/root/Robotique-IOT/m3pro_teacher_ws/install/m3pro_teacher_interfaces[0m
[25.576s] [34mcolcon.colcon_core.event_handler.log_command[0m [1;30mDEBUG[0m [32mInvoking command in '/root/Robotique-IOT/m3pro_teacher_ws/build/m3pro_teacher_interfaces': CMAKE_PREFIX_PATH=${CMAKE_PREFIX_PATH}:/root/yahboomcar_ws/install/yahboomcar_mediapipe:/root/yahboomcar_ws/install/yahboomcar_ctrl:/root/yahboomcar_ws/install/yahboom_M3Pro_laser:/root/yahboomcar_ws/install/yahboom_M3Pro_description:/root/yahboomcar_ws/install/yahboom_M3Pro_DepthCam:/root/yahboomcar_ws/install/arm_driver:/root/yahboomcar_ws/install/M3Pro_demo:/root/yahboomcar_ws/install/M3Pro_MoveIt_demo:/root/M3Pro_ws/install/yahboom_multi:/root/M3Pro_ws/install/yahboom_app_save_map:/root/M3Pro_ws/install/text_chat:/root/M3Pro_ws/install/patrol:/root/M3Pro_ws/install/laserscan_to_point_publisher:/root/M3Pro_ws/install/largemodel_arm:/root/M3Pro_ws/install/largemodel:/root/M3Pro_ws/install/ekf_bringup:/root/M3Pro_ws/install/calibration:/opt/ros/humble /usr/bin/cmake --build /root/Robotique-IOT/m3pro_teacher_ws/build/m3pro_teacher_interfaces -- -j4 -l4[0m
[44.914s] [34mcolcon.colcon_core.event_handler.log_command[0m [1;30mDEBUG[0m [32mInvoked command in '/root/Robotique-IOT/m3pro_teacher_ws/build/m3pro_teacher_interfaces' returned '0': CMAKE_PREFIX_PATH=${CMAKE_PREFIX_PATH}:/root/yahboomcar_ws/install/yahboomcar_mediapipe:/root/yahboomcar_ws/install/yahboomcar_ctrl:/root/yahboomcar_ws/install/yahboom_M3Pro_laser:/root/yahboomcar_ws/install/yahboom_M3Pro_description:/root/yahboomcar_ws/install/yahboom_M3Pro_DepthCam:/root/yahboomcar_ws/install/arm_driver:/root/yahboomcar_ws/install/M3Pro_demo:/root/yahboomcar_ws/install/M3Pro_MoveIt_demo:/root/M3Pro_ws/install/yahboom_multi:/root/M3Pro_ws/install/yahboom_app_save_map:/root/M3Pro_ws/install/text_chat:/root/M3Pro_ws/install/patrol:/root/M3Pro_ws/install/laserscan_to_point_publisher:/root/M3Pro_ws/install/largemodel_arm:/root/M3Pro_ws/install/largemodel:/root/M3Pro_ws/install/ekf_bringup:/root/M3Pro_ws/install/calibration:/opt/ros/humble /usr/bin/cmake --build /root/Robotique-IOT/m3pro_teacher_ws/build/m3pro_teacher_interfaces -- -j4 -l4[0m
[45.300s] [34mcolcon.colcon_core.event_handler.log_command[0m [1;30mDEBUG[0m [32mInvoking command in '/root/Robotique-IOT/m3pro_teacher_ws/build/m3pro_teacher_interfaces': CMAKE_PREFIX_PATH=${CMAKE_PREFIX_PATH}:/root/yahboomcar_ws/install/yahboomcar_mediapipe:/root/yahboomcar_ws/install/yahboomcar_ctrl:/root/yahboomcar_ws/install/yahboom_M3Pro_laser:/root/yahboomcar_ws/install/yahboom_M3Pro_description:/root/yahboomcar_ws/install/yahboom_M3Pro_DepthCam:/root/yahboomcar_ws/install/arm_driver:/root/yahboomcar_ws/install/M3Pro_demo:/root/yahboomcar_ws/install/M3Pro_MoveIt_demo:/root/M3Pro_ws/install/yahboom_multi:/root/M3Pro_ws/install/yahboom_app_save_map:/root/M3Pro_ws/install/text_chat:/root/M3Pro_ws/install/patrol:/root/M3Pro_ws/install/laserscan_to_point_publisher:/root/M3Pro_ws/install/largemodel_arm:/root/M3Pro_ws/install/largemodel:/root/M3Pro_ws/install/ekf_bringup:/root/M3Pro_ws/install/calibration:/opt/ros/humble /usr/bin/cmake --install /root/Robotique-IOT/m3pro_teacher_ws/build/m3pro_teacher_interfaces[0m
[48.649s] [34mcolcon.colcon_core.environment[0m [1;30mLevel 1[0m create_environment_scripts_only(m3pro_teacher_interfaces)
[48.650s] [34mcolcon.colcon_core.event_handler.log_command[0m [1;30mDEBUG[0m [32mInvoked command in '/root/Robotique-IOT/m3pro_teacher_ws/build/m3pro_teacher_interfaces' returned '0': CMAKE_PREFIX_PATH=${CMAKE_PREFIX_PATH}:/root/yahboomcar_ws/install/yahboomcar_mediapipe:/root/yahboomcar_ws/install/yahboomcar_ctrl:/root/yahboomcar_ws/install/yahboom_M3Pro_laser:/root/yahboomcar_ws/install/yahboom_M3Pro_description:/root/yahboomcar_ws/install/yahboom_M3Pro_DepthCam:/root/yahboomcar_ws/install/arm_driver:/root/yahboomcar_ws/install/M3Pro_demo:/root/yahboomcar_ws/install/M3Pro_MoveIt_demo:/root/M3Pro_ws/install/yahboom_multi:/root/M3Pro_ws/install/yahboom_app_save_map:/root/M3Pro_ws/install/text_chat:/root/M3Pro_ws/install/patrol:/root/M3Pro_ws/install/laserscan_to_point_publisher:/root/M3Pro_ws/install/largemodel_arm:/root/M3Pro_ws/install/largemodel:/root/M3Pro_ws/install/ekf_bringup:/root/M3Pro_ws/install/calibration:/opt/ros/humble /usr/bin/cmake --install /root/Robotique-IOT/m3pro_teacher_ws/build/m3pro_teacher_interfaces[0m
[48.756s] [34mcolcon.colcon_core.environment[0m [1;30mLevel 1[0m checking '/root/Robotique-IOT/m3pro_teacher_ws/install/m3pro_teacher_interfaces' for CMake module files
[48.760s] [34mcolcon.colcon_core.environment[0m [1;30mLevel 1[0m checking '/root/Robotique-IOT/m3pro_teacher_ws/install/m3pro_teacher_interfaces' for CMake config files
[48.765s] [34mcolcon.colcon_core.shell[0m [1;30mLevel 1[0m create_environment_hook('m3pro_teacher_interfaces', 'cmake_prefix_path')
[48.871s] [34mcolcon.colcon_core.shell[0m [1;30mINFO[0m Creating environment hook '/root/Robotique-IOT/m3pro_teacher_ws/install/m3pro_teacher_interfaces/share/m3pro_teacher_interfaces/hook/cmake_prefix_path.ps1'
[48.872s] [34mcolcon.colcon_core.shell[0m [1;30mINFO[0m Creating environment descriptor '/root/Robotique-IOT/m3pro_teacher_ws/install/m3pro_teacher_interfaces/share/m3pro_teacher_interfaces/hook/cmake_prefix_path.dsv'
[48.874s] [34mcolcon.colcon_core.shell[0m [1;30mINFO[0m Creating environment hook '/root/Robotique-IOT/m3pro_teacher_ws/install/m3pro_teacher_interfaces/share/m3pro_teacher_interfaces/hook/cmake_prefix_path.sh'
[48.875s] [34mcolcon.colcon_core.environment[0m [1;30mLevel 1[0m checking '/root/Robotique-IOT/m3pro_teacher_ws/install/m3pro_teacher_interfaces/lib'
[48.876s] [34mcolcon.colcon_core.shell[0m [1;30mLevel 1[0m create_environment_hook('m3pro_teacher_interfaces', 'ld_library_path_lib')
[48.988s] [34mcolcon.colcon_core.shell[0m [1;30mINFO[0m Creating environment hook '/root/Robotique-IOT/m3pro_teacher_ws/install/m3pro_teacher_interfaces/share/m3pro_teacher_interfaces/hook/ld_library_path_lib.ps1'
[48.990s] [34mcolcon.colcon_core.shell[0m [1;30mINFO[0m Creating environment descriptor '/root/Robotique-IOT/m3pro_teacher_ws/install/m3pro_teacher_interfaces/share/m3pro_teacher_interfaces/hook/ld_library_path_lib.dsv'
[48.991s] [34mcolcon.colcon_core.shell[0m [1;30mINFO[0m Creating environment hook '/root/Robotique-IOT/m3pro_teacher_ws/install/m3pro_teacher_interfaces/share/m3pro_teacher_interfaces/hook/ld_library_path_lib.sh'
[48.993s] [34mcolcon.colcon_core.environment[0m [1;30mLevel 1[0m checking '/root/Robotique-IOT/m3pro_teacher_ws/install/m3pro_teacher_interfaces/bin'
[48.993s] [34mcolcon.colcon_core.environment[0m [1;30mLevel 1[0m checking '/root/Robotique-IOT/m3pro_teacher_ws/install/m3pro_teacher_interfaces/lib/pkgconfig/m3pro_teacher_interfaces.pc'
[48.995s] [34mcolcon.colcon_core.environment[0m [1;30mLevel 1[0m checking '/root/Robotique-IOT/m3pro_teacher_ws/install/m3pro_teacher_interfaces/lib/python3.10/site-packages'
[48.996s] [34mcolcon.colcon_core.environment[0m [1;30mLevel 1[0m checking '/root/Robotique-IOT/m3pro_teacher_ws/install/m3pro_teacher_interfaces/bin'
[49.100s] [34mcolcon.colcon_core.shell[0m [1;30mINFO[0m Creating package script '/root/Robotique-IOT/m3pro_teacher_ws/install/m3pro_teacher_interfaces/share/m3pro_teacher_interfaces/package.ps1'
[49.102s] [34mcolcon.colcon_core.shell[0m [1;30mINFO[0m Creating package descriptor '/root/Robotique-IOT/m3pro_teacher_ws/install/m3pro_teacher_interfaces/share/m3pro_teacher_interfaces/package.dsv'
[49.104s] [34mcolcon.colcon_core.shell[0m [1;30mINFO[0m Creating package script '/root/Robotique-IOT/m3pro_teacher_ws/install/m3pro_teacher_interfaces/share/m3pro_teacher_interfaces/package.sh'
[49.105s] [34mcolcon.colcon_core.shell[0m [1;30mINFO[0m Creating package script '/root/Robotique-IOT/m3pro_teacher_ws/install/m3pro_teacher_interfaces/share/m3pro_teacher_interfaces/package.bash'
[49.106s] [34mcolcon.colcon_core.shell[0m [1;30mINFO[0m Creating package script '/root/Robotique-IOT/m3pro_teacher_ws/install/m3pro_teacher_interfaces/share/m3pro_teacher_interfaces/package.zsh'
[49.107s] [34mcolcon.colcon_core.environment[0m [1;30mLevel 1[0m create_file_with_runtime_dependencies(/root/Robotique-IOT/m3pro_teacher_ws/install/m3pro_teacher_interfaces/share/colcon-core/packages/m3pro_teacher_interfaces)
[49.605s] [34mcolcon.colcon_core.environment[0m [1;30mLevel 1[0m create_environment_scripts_only(m3pro_teacher_interfaces)
[49.710s] [34mcolcon.colcon_core.environment[0m [1;30mLevel 1[0m checking '/root/Robotique-IOT/m3pro_teacher_ws/install/m3pro_teacher_interfaces' for CMake module files
[49.713s] [34mcolcon.colcon_core.environment[0m [1;30mLevel 1[0m checking '/root/Robotique-IOT/m3pro_teacher_ws/install/m3pro_teacher_interfaces' for CMake config files
[49.719s] [34mcolcon.colcon_core.shell[0m [1;30mLevel 1[0m create_environment_hook('m3pro_teacher_interfaces', 'cmake_prefix_path')
[49.822s] [34mcolcon.colcon_core.shell[0m [1;30mINFO[0m Creating environment hook '/root/Robotique-IOT/m3pro_teacher_ws/install/m3pro_teacher_interfaces/share/m3pro_teacher_interfaces/hook/cmake_prefix_path.ps1'
[49.825s] [34mcolcon.colcon_core.shell[0m [1;30mINFO[0m Creating environment descriptor '/root/Robotique-IOT/m3pro_teacher_ws/install/m3pro_teacher_interfaces/share/m3pro_teacher_interfaces/hook/cmake_prefix_path.dsv'
[49.826s] [34mcolcon.colcon_core.shell[0m [1;30mINFO[0m Creating environment hook '/root/Robotique-IOT/m3pro_teacher_ws/install/m3pro_teacher_interfaces/share/m3pro_teacher_interfaces/hook/cmake_prefix_path.sh'
[49.828s] [34mcolcon.colcon_core.environment[0m [1;30mLevel 1[0m checking '/root/Robotique-IOT/m3pro_teacher_ws/install/m3pro_teacher_interfaces/lib'
[49.828s] [34mcolcon.colcon_core.shell[0m [1;30mLevel 1[0m create_environment_hook('m3pro_teacher_interfaces', 'ld_library_path_lib')
[49.934s] [34mcolcon.colcon_core.shell[0m [1;30mINFO[0m Creating environment hook '/root/Robotique-IOT/m3pro_teacher_ws/install/m3pro_teacher_interfaces/share/m3pro_teacher_interfaces/hook/ld_library_path_lib.ps1'
[49.936s] [34mcolcon.colcon_core.shell[0m [1;30mINFO[0m Creating environment descriptor '/root/Robotique-IOT/m3pro_teacher_ws/install/m3pro_teacher_interfaces/share/m3pro_teacher_interfaces/hook/ld_library_path_lib.dsv'
[49.937s] [34mcolcon.colcon_core.shell[0m [1;30mINFO[0m Creating environment hook '/root/Robotique-IOT/m3pro_teacher_ws/install/m3pro_teacher_interfaces/share/m3pro_teacher_interfaces/hook/ld_library_path_lib.sh'
[49.939s] [34mcolcon.colcon_core.environment[0m [1;30mLevel 1[0m checking '/root/Robotique-IOT/m3pro_teacher_ws/install/m3pro_teacher_interfaces/bin'
[49.939s] [34mcolcon.colcon_core.environment[0m [1;30mLevel 1[0m checking '/root/Robotique-IOT/m3pro_teacher_ws/install/m3pro_teacher_interfaces/lib/pkgconfig/m3pro_teacher_interfaces.pc'
[49.940s] [34mcolcon.colcon_core.environment[0m [1;30mLevel 1[0m checking '/root/Robotique-IOT/m3pro_teacher_ws/install/m3pro_teacher_interfaces/lib/python3.10/site-packages'
[49.941s] [34mcolcon.colcon_core.environment[0m [1;30mLevel 1[0m checking '/root/Robotique-IOT/m3pro_teacher_ws/install/m3pro_teacher_interfaces/bin'
[50.044s] [34mcolcon.colcon_core.shell[0m [1;30mINFO[0m Creating package script '/root/Robotique-IOT/m3pro_teacher_ws/install/m3pro_teacher_interfaces/share/m3pro_teacher_interfaces/package.ps1'
[50.047s] [34mcolcon.colcon_core.shell[0m [1;30mINFO[0m Creating package descriptor '/root/Robotique-IOT/m3pro_teacher_ws/install/m3pro_teacher_interfaces/share/m3pro_teacher_interfaces/package.dsv'
[50.050s] [34mcolcon.colcon_core.shell[0m [1;30mINFO[0m Creating package script '/root/Robotique-IOT/m3pro_teacher_ws/install/m3pro_teacher_interfaces/share/m3pro_teacher_interfaces/package.sh'
[50.052s] [34mcolcon.colcon_core.shell[0m [1;30mINFO[0m Creating package script '/root/Robotique-IOT/m3pro_teacher_ws/install/m3pro_teacher_interfaces/share/m3pro_teacher_interfaces/package.bash'
[50.054s] [34mcolcon.colcon_core.shell[0m [1;30mINFO[0m Creating package script '/root/Robotique-IOT/m3pro_teacher_ws/install/m3pro_teacher_interfaces/share/m3pro_teacher_interfaces/package.zsh'
[50.056s] [34mcolcon.colcon_core.environment[0m [1;30mLevel 1[0m create_file_with_runtime_dependencies(/root/Robotique-IOT/m3pro_teacher_ws/install/m3pro_teacher_interfaces/share/colcon-core/packages/m3pro_teacher_interfaces)
[50.058s] [34mcolcon.colcon_ros.task.ament_python.build[0m [1;30mINFO[0m Building ROS package in '/root/Robotique-IOT/m3pro_teacher_ws/src/m3pro_teacher_demos' with build type 'ament_python'
[50.058s] [34mcolcon.colcon_core.shell[0m [1;30mLevel 1[0m create_environment_hook('m3pro_teacher_demos', 'ament_prefix_path')
[50.165s] [34mcolcon.colcon_core.shell[0m [1;30mINFO[0m Creating environment hook '/root/Robotique-IOT/m3pro_teacher_ws/install/m3pro_teacher_demos/share/m3pro_teacher_demos/hook/ament_prefix_path.ps1'
[50.167s] [34mcolcon.colcon_core.shell[0m [1;30mINFO[0m Creating environment descriptor '/root/Robotique-IOT/m3pro_teacher_ws/install/m3pro_teacher_demos/share/m3pro_teacher_demos/hook/ament_prefix_path.dsv'
[50.168s] [34mcolcon.colcon_core.shell[0m [1;30mINFO[0m Creating environment hook '/root/Robotique-IOT/m3pro_teacher_ws/install/m3pro_teacher_demos/share/m3pro_teacher_demos/hook/ament_prefix_path.sh'
[50.290s] [34mcolcon.colcon_core.shell[0m [1;30mINFO[0m Skip shell extension 'powershell' for command environment: Not usable outside of PowerShell
[50.290s] [34mcolcon.colcon_core.shell[0m [1;30mDEBUG[0m [32mSkip shell extension 'dsv' for command environment[0m
[50.754s] [34mcolcon.colcon_ros.task.ament_python.build[0m [1;30mINFO[0m Building ROS package in '/root/Robotique-IOT/m3pro_teacher_ws/src/m3pro_teacher_vision' with build type 'ament_python'
[50.755s] [34mcolcon.colcon_core.shell[0m [1;30mLevel 1[0m create_environment_hook('m3pro_teacher_vision', 'ament_prefix_path')
[50.864s] [34mcolcon.colcon_core.shell[0m [1;30mINFO[0m Creating environment hook '/root/Robotique-IOT/m3pro_teacher_ws/install/m3pro_teacher_vision/share/m3pro_teacher_vision/hook/ament_prefix_path.ps1'
[50.866s] [34mcolcon.colcon_core.shell[0m [1;30mINFO[0m Creating environment descriptor '/root/Robotique-IOT/m3pro_teacher_ws/install/m3pro_teacher_vision/share/m3pro_teacher_vision/hook/ament_prefix_path.dsv'
[50.867s] [34mcolcon.colcon_core.shell[0m [1;30mINFO[0m Creating environment hook '/root/Robotique-IOT/m3pro_teacher_ws/install/m3pro_teacher_vision/share/m3pro_teacher_vision/hook/ament_prefix_path.sh'
[50.974s] [34mcolcon.colcon_core.shell[0m [1;30mINFO[0m Skip shell extension 'powershell' for command environment: Not usable outside of PowerShell
[50.975s] [34mcolcon.colcon_core.shell[0m [1;30mDEBUG[0m [32mSkip shell extension 'dsv' for command environment[0m
[53.132s] [34mcolcon.colcon_core.task.python.build[0m [1;30mINFO[0m Building Python package in '/root/Robotique-IOT/m3pro_teacher_ws/src/m3pro_teacher_demos'
[53.249s] [34mcolcon.colcon_core.shell[0m [1;30mINFO[0m Skip shell extension 'powershell' for command environment: Not usable outside of PowerShell
[53.250s] [34mcolcon.colcon_core.shell[0m [1;30mDEBUG[0m [32mSkip shell extension 'dsv' for command environment[0m
[55.349s] [34mcolcon.colcon_core.task.python.build[0m [1;30mINFO[0m Building Python package in '/root/Robotique-IOT/m3pro_teacher_ws/src/m3pro_teacher_vision'
[55.456s] [34mcolcon.colcon_core.shell[0m [1;30mINFO[0m Skip shell extension 'powershell' for command environment: Not usable outside of PowerShell
[55.456s] [34mcolcon.colcon_core.shell[0m [1;30mDEBUG[0m [32mSkip shell extension 'dsv' for command environment[0m
[58.440s] [34mcolcon.colcon_core.event_handler.log_command[0m [1;30mDEBUG[0m [32mInvoking command in '/root/Robotique-IOT/m3pro_teacher_ws/build/m3pro_teacher_demos': AMENT_PREFIX_PATH=/root/Robotique-IOT/m3pro_teacher_ws/install/m3pro_teacher_interfaces:/root/Robotique-IOT/m3pro_teacher_ws/install/m3pro_teacher_description:${AMENT_PREFIX_PATH} CMAKE_PREFIX_PATH=/root/Robotique-IOT/m3pro_teacher_ws/install/m3pro_teacher_interfaces:/root/Robotique-IOT/m3pro_teacher_ws/install/m3pro_teacher_description:${CMAKE_PREFIX_PATH} LD_LIBRARY_PATH=/root/Robotique-IOT/m3pro_teacher_ws/install/m3pro_teacher_interfaces/lib:${LD_LIBRARY_PATH} PYTHONPATH=/root/Robotique-IOT/m3pro_teacher_ws/build/m3pro_teacher_demos/prefix_override:/root/Robotique-IOT/m3pro_teacher_ws/install/m3pro_teacher_demos/lib/python3.10/site-packages:/root/Robotique-IOT/m3pro_teacher_ws/install/m3pro_teacher_interfaces/local/lib/python3.10/dist-packages:${PYTHONPATH} /usr/bin/python3 setup.py develop --editable --build-directory /root/Robotique-IOT/m3pro_teacher_ws/build/m3pro_teacher_demos/build --no-deps install_data[0m
[58.445s] [34mcolcon.colcon_core.event_handler.log_command[0m [1;30mDEBUG[0m [32mInvoking command in '/root/Robotique-IOT/m3pro_teacher_ws/build/m3pro_teacher_vision': AMENT_PREFIX_PATH=/root/Robotique-IOT/m3pro_teacher_ws/install/m3pro_teacher_interfaces:${AMENT_PREFIX_PATH} CMAKE_PREFIX_PATH=/root/Robotique-IOT/m3pro_teacher_ws/install/m3pro_teacher_interfaces:${CMAKE_PREFIX_PATH} LD_LIBRARY_PATH=/root/Robotique-IOT/m3pro_teacher_ws/install/m3pro_teacher_interfaces/lib:${LD_LIBRARY_PATH} PYTHONPATH=/root/Robotique-IOT/m3pro_teacher_ws/build/m3pro_teacher_vision/prefix_override:/root/Robotique-IOT/m3pro_teacher_ws/install/m3pro_teacher_vision/lib/python3.10/site-packages:/root/Robotique-IOT/m3pro_teacher_ws/install/m3pro_teacher_interfaces/local/lib/python3.10/dist-packages:${PYTHONPATH} /usr/bin/python3 setup.py develop --editable --build-directory /root/Robotique-IOT/m3pro_teacher_ws/build/m3pro_teacher_vision/build --no-deps install_data[0m
[61.578s] [34mcolcon.colcon_core.shell[0m [1;30mLevel 1[0m create_environment_hook('m3pro_teacher_demos', 'pythonpath_develop')
[61.579s] [34mcolcon.colcon_core.event_handler.log_command[0m [1;30mDEBUG[0m [32mInvoked command in '/root/Robotique-IOT/m3pro_teacher_ws/build/m3pro_teacher_demos' returned '0': AMENT_PREFIX_PATH=/root/Robotique-IOT/m3pro_teacher_ws/install/m3pro_teacher_interfaces:/root/Robotique-IOT/m3pro_teacher_ws/install/m3pro_teacher_description:${AMENT_PREFIX_PATH} CMAKE_PREFIX_PATH=/root/Robotique-IOT/m3pro_teacher_ws/install/m3pro_teacher_interfaces:/root/Robotique-IOT/m3pro_teacher_ws/install/m3pro_teacher_description:${CMAKE_PREFIX_PATH} LD_LIBRARY_PATH=/root/Robotique-IOT/m3pro_teacher_ws/install/m3pro_teacher_interfaces/lib:${LD_LIBRARY_PATH} PYTHONPATH=/root/Robotique-IOT/m3pro_teacher_ws/build/m3pro_teacher_demos/prefix_override:/root/Robotique-IOT/m3pro_teacher_ws/install/m3pro_teacher_demos/lib/python3.10/site-packages:/root/Robotique-IOT/m3pro_teacher_ws/install/m3pro_teacher_interfaces/local/lib/python3.10/dist-packages:${PYTHONPATH} /usr/bin/python3 setup.py develop --editable --build-directory /root/Robotique-IOT/m3pro_teacher_ws/build/m3pro_teacher_demos/build --no-deps install_data[0m
[61.730s] [34mcolcon.colcon_core.shell[0m [1;30mINFO[0m Creating environment hook '/root/Robotique-IOT/m3pro_teacher_ws/build/m3pro_teacher_demos/share/m3pro_teacher_demos/hook/pythonpath_develop.ps1'
[61.732s] [34mcolcon.colcon_core.shell[0m [1;30mINFO[0m Creating environment descriptor '/root/Robotique-IOT/m3pro_teacher_ws/build/m3pro_teacher_demos/share/m3pro_teacher_demos/hook/pythonpath_develop.dsv'
[61.733s] [34mcolcon.colcon_core.shell[0m [1;30mINFO[0m Creating environment hook '/root/Robotique-IOT/m3pro_teacher_ws/build/m3pro_teacher_demos/share/m3pro_teacher_demos/hook/pythonpath_develop.sh'
[61.855s] [34mcolcon.colcon_core.environment[0m [1;30mLevel 1[0m checking '/root/Robotique-IOT/m3pro_teacher_ws/install/m3pro_teacher_demos' for CMake module files
[61.857s] [34mcolcon.colcon_core.environment[0m [1;30mLevel 1[0m checking '/root/Robotique-IOT/m3pro_teacher_ws/install/m3pro_teacher_demos' for CMake config files
[61.860s] [34mcolcon.colcon_core.environment[0m [1;30mLevel 1[0m checking '/root/Robotique-IOT/m3pro_teacher_ws/install/m3pro_teacher_demos/lib'
[61.860s] [34mcolcon.colcon_core.environment[0m [1;30mLevel 1[0m checking '/root/Robotique-IOT/m3pro_teacher_ws/install/m3pro_teacher_demos/bin'
[61.860s] [34mcolcon.colcon_core.environment[0m [1;30mLevel 1[0m checking '/root/Robotique-IOT/m3pro_teacher_ws/install/m3pro_teacher_demos/lib/pkgconfig/m3pro_teacher_demos.pc'
[61.861s] [34mcolcon.colcon_core.environment[0m [1;30mLevel 1[0m checking '/root/Robotique-IOT/m3pro_teacher_ws/install/m3pro_teacher_demos/lib/python3.10/site-packages'
[61.862s] [34mcolcon.colcon_core.shell[0m [1;30mLevel 1[0m create_environment_hook('m3pro_teacher_demos', 'pythonpath')
[61.966s] [34mcolcon.colcon_core.shell[0m [1;30mINFO[0m Creating environment hook '/root/Robotique-IOT/m3pro_teacher_ws/install/m3pro_teacher_demos/share/m3pro_teacher_demos/hook/pythonpath.ps1'
[61.968s] [34mcolcon.colcon_core.shell[0m [1;30mINFO[0m Creating environment descriptor '/root/Robotique-IOT/m3pro_teacher_ws/install/m3pro_teacher_demos/share/m3pro_teacher_demos/hook/pythonpath.dsv'
[61.969s] [34mcolcon.colcon_core.shell[0m [1;30mINFO[0m Creating environment hook '/root/Robotique-IOT/m3pro_teacher_ws/install/m3pro_teacher_demos/share/m3pro_teacher_demos/hook/pythonpath.sh'
[61.971s] [34mcolcon.colcon_core.environment[0m [1;30mLevel 1[0m checking '/root/Robotique-IOT/m3pro_teacher_ws/install/m3pro_teacher_demos/bin'
[61.971s] [34mcolcon.colcon_core.environment[0m [1;30mLevel 1[0m create_environment_scripts_only(m3pro_teacher_demos)
[62.081s] [34mcolcon.colcon_core.shell[0m [1;30mINFO[0m Creating package script '/root/Robotique-IOT/m3pro_teacher_ws/install/m3pro_teacher_demos/share/m3pro_teacher_demos/package.ps1'
[62.083s] [34mcolcon.colcon_core.shell[0m [1;30mINFO[0m Creating package descriptor '/root/Robotique-IOT/m3pro_teacher_ws/install/m3pro_teacher_demos/share/m3pro_teacher_demos/package.dsv'
[62.085s] [34mcolcon.colcon_core.shell[0m [1;30mINFO[0m Creating package script '/root/Robotique-IOT/m3pro_teacher_ws/install/m3pro_teacher_demos/share/m3pro_teacher_demos/package.sh'
[62.087s] [34mcolcon.colcon_core.shell[0m [1;30mINFO[0m Creating package script '/root/Robotique-IOT/m3pro_teacher_ws/install/m3pro_teacher_demos/share/m3pro_teacher_demos/package.bash'
[62.088s] [34mcolcon.colcon_core.shell[0m [1;30mINFO[0m Creating package script '/root/Robotique-IOT/m3pro_teacher_ws/install/m3pro_teacher_demos/share/m3pro_teacher_demos/package.zsh'
[62.089s] [34mcolcon.colcon_core.environment[0m [1;30mLevel 1[0m create_file_with_runtime_dependencies(/root/Robotique-IOT/m3pro_teacher_ws/install/m3pro_teacher_demos/share/colcon-core/packages/m3pro_teacher_demos)
[62.091s] [34mcolcon.colcon_ros.task.ament_cmake.build[0m [1;30mINFO[0m Building ROS package in '/root/Robotique-IOT/m3pro_teacher_ws/src/m3pro_teacher_nav' with build type 'ament_cmake'
[62.091s] [34mcolcon.colcon_cmake.task.cmake.build[0m [1;30mINFO[0m Building CMake package in '/root/Robotique-IOT/m3pro_teacher_ws/src/m3pro_teacher_nav'
[62.214s] [34mcolcon.colcon_core.shell[0m [1;30mINFO[0m Skip shell extension 'powershell' for command environment: Not usable outside of PowerShell
[62.214s] [34mcolcon.colcon_core.shell[0m [1;30mDEBUG[0m [32mSkip shell extension 'dsv' for command environment[0m
[62.693s] [34mcolcon.colcon_ros.task.ament_python.build[0m [1;30mINFO[0m Building ROS package in '/root/Robotique-IOT/m3pro_teacher_ws/src/m3pro_teacher_web' with build type 'ament_python'
[62.694s] [34mcolcon.colcon_core.shell[0m [1;30mLevel 1[0m create_environment_hook('m3pro_teacher_web', 'ament_prefix_path')
[62.806s] [34mcolcon.colcon_core.shell[0m [1;30mINFO[0m Creating environment hook '/root/Robotique-IOT/m3pro_teacher_ws/install/m3pro_teacher_web/share/m3pro_teacher_web/hook/ament_prefix_path.ps1'
[62.808s] [34mcolcon.colcon_core.shell[0m [1;30mINFO[0m Creating environment descriptor '/root/Robotique-IOT/m3pro_teacher_ws/install/m3pro_teacher_web/share/m3pro_teacher_web/hook/ament_prefix_path.dsv'
[62.809s] [34mcolcon.colcon_core.shell[0m [1;30mINFO[0m Creating environment hook '/root/Robotique-IOT/m3pro_teacher_ws/install/m3pro_teacher_web/share/m3pro_teacher_web/hook/ament_prefix_path.sh'
[62.922s] [34mcolcon.colcon_core.shell[0m [1;30mINFO[0m Skip shell extension 'powershell' for command environment: Not usable outside of PowerShell
[62.922s] [34mcolcon.colcon_core.shell[0m [1;30mDEBUG[0m [32mSkip shell extension 'dsv' for command environment[0m
[63.416s] [34mcolcon.colcon_core.shell[0m [1;30mLevel 1[0m create_environment_hook('m3pro_teacher_vision', 'pythonpath_develop')
[63.422s] [34mcolcon.colcon_core.event_handler.log_command[0m [1;30mDEBUG[0m [32mInvoked command in '/root/Robotique-IOT/m3pro_teacher_ws/build/m3pro_teacher_vision' returned '0': AMENT_PREFIX_PATH=/root/Robotique-IOT/m3pro_teacher_ws/install/m3pro_teacher_interfaces:${AMENT_PREFIX_PATH} CMAKE_PREFIX_PATH=/root/Robotique-IOT/m3pro_teacher_ws/install/m3pro_teacher_interfaces:${CMAKE_PREFIX_PATH} LD_LIBRARY_PATH=/root/Robotique-IOT/m3pro_teacher_ws/install/m3pro_teacher_interfaces/lib:${LD_LIBRARY_PATH} PYTHONPATH=/root/Robotique-IOT/m3pro_teacher_ws/build/m3pro_teacher_vision/prefix_override:/root/Robotique-IOT/m3pro_teacher_ws/install/m3pro_teacher_vision/lib/python3.10/site-packages:/root/Robotique-IOT/m3pro_teacher_ws/install/m3pro_teacher_interfaces/local/lib/python3.10/dist-packages:${PYTHONPATH} /usr/bin/python3 setup.py develop --editable --build-directory /root/Robotique-IOT/m3pro_teacher_ws/build/m3pro_teacher_vision/build --no-deps install_data[0m
[63.527s] [34mcolcon.colcon_core.shell[0m [1;30mINFO[0m Creating environment hook '/root/Robotique-IOT/m3pro_teacher_ws/build/m3pro_teacher_vision/share/m3pro_teacher_vision/hook/pythonpath_develop.ps1'
[63.529s] [34mcolcon.colcon_core.shell[0m [1;30mINFO[0m Creating environment descriptor '/root/Robotique-IOT/m3pro_teacher_ws/build/m3pro_teacher_vision/share/m3pro_teacher_vision/hook/pythonpath_develop.dsv'
[63.530s] [34mcolcon.colcon_core.shell[0m [1;30mINFO[0m Creating environment hook '/root/Robotique-IOT/m3pro_teacher_ws/build/m3pro_teacher_vision/share/m3pro_teacher_vision/hook/pythonpath_develop.sh'
[63.635s] [34mcolcon.colcon_core.environment[0m [1;30mLevel 1[0m checking '/root/Robotique-IOT/m3pro_teacher_ws/install/m3pro_teacher_vision' for CMake module files
[63.637s] [34mcolcon.colcon_core.environment[0m [1;30mLevel 1[0m checking '/root/Robotique-IOT/m3pro_teacher_ws/install/m3pro_teacher_vision' for CMake config files
[63.639s] [34mcolcon.colcon_core.environment[0m [1;30mLevel 1[0m checking '/root/Robotique-IOT/m3pro_teacher_ws/install/m3pro_teacher_vision/lib'
[63.639s] [34mcolcon.colcon_core.environment[0m [1;30mLevel 1[0m checking '/root/Robotique-IOT/m3pro_teacher_ws/install/m3pro_teacher_vision/bin'
[63.639s] [34mcolcon.colcon_core.shell[0m [1;30mLevel 1[0m create_environment_hook('m3pro_teacher_vision', 'path')
[63.746s] [34mcolcon.colcon_core.shell[0m [1;30mINFO[0m Creating environment hook '/root/Robotique-IOT/m3pro_teacher_ws/install/m3pro_teacher_vision/share/m3pro_teacher_vision/hook/path.ps1'
[63.747s] [34mcolcon.colcon_core.shell[0m [1;30mINFO[0m Creating environment descriptor '/root/Robotique-IOT/m3pro_teacher_ws/install/m3pro_teacher_vision/share/m3pro_teacher_vision/hook/path.dsv'
[63.749s] [34mcolcon.colcon_core.shell[0m [1;30mINFO[0m Creating environment hook '/root/Robotique-IOT/m3pro_teacher_ws/install/m3pro_teacher_vision/share/m3pro_teacher_vision/hook/path.sh'
[63.750s] [34mcolcon.colcon_core.environment[0m [1;30mLevel 1[0m checking '/root/Robotique-IOT/m3pro_teacher_ws/install/m3pro_teacher_vision/lib/pkgconfig/m3pro_teacher_vision.pc'
[63.751s] [34mcolcon.colcon_core.environment[0m [1;30mLevel 1[0m checking '/root/Robotique-IOT/m3pro_teacher_ws/install/m3pro_teacher_vision/lib/python3.10/site-packages'
[63.751s] [34mcolcon.colcon_core.shell[0m [1;30mLevel 1[0m create_environment_hook('m3pro_teacher_vision', 'pythonpath')
[63.859s] [34mcolcon.colcon_core.shell[0m [1;30mINFO[0m Creating environment hook '/root/Robotique-IOT/m3pro_teacher_ws/install/m3pro_teacher_vision/share/m3pro_teacher_vision/hook/pythonpath.ps1'
[63.860s] [34mcolcon.colcon_core.shell[0m [1;30mINFO[0m Creating environment descriptor '/root/Robotique-IOT/m3pro_teacher_ws/install/m3pro_teacher_vision/share/m3pro_teacher_vision/hook/pythonpath.dsv'
[63.861s] [34mcolcon.colcon_core.shell[0m [1;30mINFO[0m Creating environment hook '/root/Robotique-IOT/m3pro_teacher_ws/install/m3pro_teacher_vision/share/m3pro_teacher_vision/hook/pythonpath.sh'
[63.863s] [34mcolcon.colcon_core.environment[0m [1;30mLevel 1[0m checking '/root/Robotique-IOT/m3pro_teacher_ws/install/m3pro_teacher_vision/bin'
[63.864s] [34mcolcon.colcon_core.shell[0m [1;30mLevel 1[0m create_environment_hook('m3pro_teacher_vision', 'pythonscriptspath')
[63.969s] [34mcolcon.colcon_core.shell[0m [1;30mINFO[0m Creating environment hook '/root/Robotique-IOT/m3pro_teacher_ws/install/m3pro_teacher_vision/share/m3pro_teacher_vision/hook/pythonscriptspath.ps1'
[63.970s] [34mcolcon.colcon_core.shell[0m [1;30mINFO[0m Creating environment descriptor '/root/Robotique-IOT/m3pro_teacher_ws/install/m3pro_teacher_vision/share/m3pro_teacher_vision/hook/pythonscriptspath.dsv'
[63.971s] [34mcolcon.colcon_core.shell[0m [1;30mINFO[0m Creating environment hook '/root/Robotique-IOT/m3pro_teacher_ws/install/m3pro_teacher_vision/share/m3pro_teacher_vision/hook/pythonscriptspath.sh'
[63.972s] [34mcolcon.colcon_core.environment[0m [1;30mLevel 1[0m create_environment_scripts_only(m3pro_teacher_vision)
[64.091s] [34mcolcon.colcon_core.shell[0m [1;30mINFO[0m Creating package script '/root/Robotique-IOT/m3pro_teacher_ws/install/m3pro_teacher_vision/share/m3pro_teacher_vision/package.ps1'
[64.094s] [34mcolcon.colcon_core.shell[0m [1;30mINFO[0m Creating package descriptor '/root/Robotique-IOT/m3pro_teacher_ws/install/m3pro_teacher_vision/share/m3pro_teacher_vision/package.dsv'
[64.097s] [34mcolcon.colcon_core.shell[0m [1;30mINFO[0m Creating package script '/root/Robotique-IOT/m3pro_teacher_ws/install/m3pro_teacher_vision/share/m3pro_teacher_vision/package.sh'
[64.099s] [34mcolcon.colcon_core.shell[0m [1;30mINFO[0m Creating package script '/root/Robotique-IOT/m3pro_teacher_ws/install/m3pro_teacher_vision/share/m3pro_teacher_vision/package.bash'
[64.100s] [34mcolcon.colcon_core.shell[0m [1;30mINFO[0m Creating package script '/root/Robotique-IOT/m3pro_teacher_ws/install/m3pro_teacher_vision/share/m3pro_teacher_vision/package.zsh'
[64.102s] [34mcolcon.colcon_core.environment[0m [1;30mLevel 1[0m create_file_with_runtime_dependencies(/root/Robotique-IOT/m3pro_teacher_ws/install/m3pro_teacher_vision/share/colcon-core/packages/m3pro_teacher_vision)
[64.116s] [34mcolcon.colcon_core.event_handler.log_command[0m [1;30mDEBUG[0m [32mInvoking command in '/root/Robotique-IOT/m3pro_teacher_ws/build/m3pro_teacher_nav': AMENT_PREFIX_PATH=/root/Robotique-IOT/m3pro_teacher_ws/install/m3pro_teacher_demos:/root/Robotique-IOT/m3pro_teacher_ws/install/m3pro_teacher_interfaces:/root/Robotique-IOT/m3pro_teacher_ws/install/m3pro_teacher_description:${AMENT_PREFIX_PATH} CMAKE_PREFIX_PATH=/root/Robotique-IOT/m3pro_teacher_ws/install/m3pro_teacher_interfaces:/root/Robotique-IOT/m3pro_teacher_ws/install/m3pro_teacher_description:/root/yahboomcar_ws/install/yahboomcar_msgs:/root/yahboomcar_ws/install/M3Pro_config:/root/yahboomcar_ws/install/test_config:/root/yahboomcar_ws/install/orbbec_description:/root/yahboomcar_ws/install/orbbec_camera:/root/yahboomcar_ws/install/orbbec_camera_msgs:/root/yahboomcar_ws/install/arm_msgs:/root/yahboomcar_ws/install/arm_kin:/root/yahboomcar_ws/install/M3Pro_KCF:/root/yahboomcar_ws/install/arm_interface:/root/M3Pro_ws/install/yahboom_web_savmap_interfaces:/root/M3Pro_ws/install/yahboom_mapping:/root/M3Pro_ws/install/yahboom_laser_filter:/root/M3Pro_ws/install/updatecostmap:/root/M3Pro_ws/install/slam_mapping:/root/M3Pro_ws/install/slam_gmapping:/root/M3Pro_ws/install/imu_tools:/root/M3Pro_ws/install/rviz_imu_plugin:/root/M3Pro_ws/install/robot_pose_publisher_ros2:/root/M3Pro_ws/install/openslam_gmapping:/root/M3Pro_ws/install/ira_laser_tools:/root/M3Pro_ws/install/interfaces:/root/M3Pro_ws/install/imu_filter_madgwick:/root/M3Pro_ws/install/imu_complementary_filter:/root/M3Pro_ws/install/M3Pro_navigation:/root/M3Pro_ws/install/M3Pro_KCF:/root/M3Pro_ws/install/M3Pro:/root/yahboomcar_ws/install/yahboomcar_mediapipe:/root/yahboomcar_ws/install/yahboomcar_ctrl:/root/yahboomcar_ws/install/yahboom_M3Pro_laser:/root/yahboomcar_ws/install/yahboom_M3Pro_description:/root/yahboomcar_ws/install/yahboom_M3Pro_DepthCam:/root/yahboomcar_ws/install/arm_driver:/root/yahboomcar_ws/install/M3Pro_demo:/root/yahboomcar_ws/install/M3Pro_MoveIt_demo:/root/M3Pro_ws/install/yahboom_multi:/root/M3Pro_ws/install/yahboom_app_save_map:/root/M3Pro_ws/install/text_chat:/root/M3Pro_ws/install/patrol:/root/M3Pro_ws/install/laserscan_to_point_publisher:/root/M3Pro_ws/install/largemodel_arm:/root/M3Pro_ws/install/largemodel:/root/M3Pro_ws/install/ekf_bringup:/root/M3Pro_ws/install/calibration:/opt/ros/humble LD_LIBRARY_PATH=/root/Robotique-IOT/m3pro_teacher_ws/install/m3pro_teacher_interfaces/lib:${LD_LIBRARY_PATH} PYTHONPATH=/root/Robotique-IOT/m3pro_teacher_ws/build/m3pro_teacher_demos:/root/Robotique-IOT/m3pro_teacher_ws/install/m3pro_teacher_demos/lib/python3.10/site-packages:/root/Robotique-IOT/m3pro_teacher_ws/install/m3pro_teacher_interfaces/local/lib/python3.10/dist-packages:${PYTHONPATH} /usr/bin/cmake /root/Robotique-IOT/m3pro_teacher_ws/src/m3pro_teacher_nav -DAMENT_CMAKE_SYMLINK_INSTALL=1 -DCMAKE_INSTALL_PREFIX=/root/Robotique-IOT/m3pro_teacher_ws/install/m3pro_teacher_nav[0m
[65.915s] [34mcolcon.colcon_core.task.python.build[0m [1;30mINFO[0m Building Python package in '/root/Robotique-IOT/m3pro_teacher_ws/src/m3pro_teacher_web'
[66.033s] [34mcolcon.colcon_core.shell[0m [1;30mINFO[0m Skip shell extension 'powershell' for command environment: Not usable outside of PowerShell
[66.033s] [34mcolcon.colcon_core.shell[0m [1;30mDEBUG[0m [32mSkip shell extension 'dsv' for command environment[0m
[67.898s] [34mcolcon.colcon_core.event_handler.log_command[0m [1;30mDEBUG[0m [32mInvoked command in '/root/Robotique-IOT/m3pro_teacher_ws/build/m3pro_teacher_nav' returned '0': AMENT_PREFIX_PATH=/root/Robotique-IOT/m3pro_teacher_ws/install/m3pro_teacher_demos:/root/Robotique-IOT/m3pro_teacher_ws/install/m3pro_teacher_interfaces:/root/Robotique-IOT/m3pro_teacher_ws/install/m3pro_teacher_description:${AMENT_PREFIX_PATH} CMAKE_PREFIX_PATH=/root/Robotique-IOT/m3pro_teacher_ws/install/m3pro_teacher_interfaces:/root/Robotique-IOT/m3pro_teacher_ws/install/m3pro_teacher_description:/root/yahboomcar_ws/install/yahboomcar_msgs:/root/yahboomcar_ws/install/M3Pro_config:/root/yahboomcar_ws/install/test_config:/root/yahboomcar_ws/install/orbbec_description:/root/yahboomcar_ws/install/orbbec_camera:/root/yahboomcar_ws/install/orbbec_camera_msgs:/root/yahboomcar_ws/install/arm_msgs:/root/yahboomcar_ws/install/arm_kin:/root/yahboomcar_ws/install/M3Pro_KCF:/root/yahboomcar_ws/install/arm_interface:/root/M3Pro_ws/install/yahboom_web_savmap_interfaces:/root/M3Pro_ws/install/yahboom_mapping:/root/M3Pro_ws/install/yahboom_laser_filter:/root/M3Pro_ws/install/updatecostmap:/root/M3Pro_ws/install/slam_mapping:/root/M3Pro_ws/install/slam_gmapping:/root/M3Pro_ws/install/imu_tools:/root/M3Pro_ws/install/rviz_imu_plugin:/root/M3Pro_ws/install/robot_pose_publisher_ros2:/root/M3Pro_ws/install/openslam_gmapping:/root/M3Pro_ws/install/ira_laser_tools:/root/M3Pro_ws/install/interfaces:/root/M3Pro_ws/install/imu_filter_madgwick:/root/M3Pro_ws/install/imu_complementary_filter:/root/M3Pro_ws/install/M3Pro_navigation:/root/M3Pro_ws/install/M3Pro_KCF:/root/M3Pro_ws/install/M3Pro:/root/yahboomcar_ws/install/yahboomcar_mediapipe:/root/yahboomcar_ws/install/yahboomcar_ctrl:/root/yahboomcar_ws/install/yahboom_M3Pro_laser:/root/yahboomcar_ws/install/yahboom_M3Pro_description:/root/yahboomcar_ws/install/yahboom_M3Pro_DepthCam:/root/yahboomcar_ws/install/arm_driver:/root/yahboomcar_ws/install/M3Pro_demo:/root/yahboomcar_ws/install/M3Pro_MoveIt_demo:/root/M3Pro_ws/install/yahboom_multi:/root/M3Pro_ws/install/yahboom_app_save_map:/root/M3Pro_ws/install/text_chat:/root/M3Pro_ws/install/patrol:/root/M3Pro_ws/install/laserscan_to_point_publisher:/root/M3Pro_ws/install/largemodel_arm:/root/M3Pro_ws/install/largemodel:/root/M3Pro_ws/install/ekf_bringup:/root/M3Pro_ws/install/calibration:/opt/ros/humble LD_LIBRARY_PATH=/root/Robotique-IOT/m3pro_teacher_ws/install/m3pro_teacher_interfaces/lib:${LD_LIBRARY_PATH} PYTHONPATH=/root/Robotique-IOT/m3pro_teacher_ws/build/m3pro_teacher_demos:/root/Robotique-IOT/m3pro_teacher_ws/install/m3pro_teacher_demos/lib/python3.10/site-packages:/root/Robotique-IOT/m3pro_teacher_ws/install/m3pro_teacher_interfaces/local/lib/python3.10/dist-packages:${PYTHONPATH} /usr/bin/cmake /root/Robotique-IOT/m3pro_teacher_ws/src/m3pro_teacher_nav -DAMENT_CMAKE_SYMLINK_INSTALL=1 -DCMAKE_INSTALL_PREFIX=/root/Robotique-IOT/m3pro_teacher_ws/install/m3pro_teacher_nav[0m
[67.903s] [34mcolcon.colcon_core.event_handler.log_command[0m [1;30mDEBUG[0m [32mInvoking command in '/root/Robotique-IOT/m3pro_teacher_ws/build/m3pro_teacher_nav': AMENT_PREFIX_PATH=/root/Robotique-IOT/m3pro_teacher_ws/install/m3pro_teacher_demos:/root/Robotique-IOT/m3pro_teacher_ws/install/m3pro_teacher_interfaces:/root/Robotique-IOT/m3pro_teacher_ws/install/m3pro_teacher_description:${AMENT_PREFIX_PATH} CMAKE_PREFIX_PATH=/root/Robotique-IOT/m3pro_teacher_ws/install/m3pro_teacher_interfaces:/root/Robotique-IOT/m3pro_teacher_ws/install/m3pro_teacher_description:/root/yahboomcar_ws/install/yahboomcar_msgs:/root/yahboomcar_ws/install/M3Pro_config:/root/yahboomcar_ws/install/test_config:/root/yahboomcar_ws/install/orbbec_description:/root/yahboomcar_ws/install/orbbec_camera:/root/yahboomcar_ws/install/orbbec_camera_msgs:/root/yahboomcar_ws/install/arm_msgs:/root/yahboomcar_ws/install/arm_kin:/root/yahboomcar_ws/install/M3Pro_KCF:/root/yahboomcar_ws/install/arm_interface:/root/M3Pro_ws/install/yahboom_web_savmap_interfaces:/root/M3Pro_ws/install/yahboom_mapping:/root/M3Pro_ws/install/yahboom_laser_filter:/root/M3Pro_ws/install/updatecostmap:/root/M3Pro_ws/install/slam_mapping:/root/M3Pro_ws/install/slam_gmapping:/root/M3Pro_ws/install/imu_tools:/root/M3Pro_ws/install/rviz_imu_plugin:/root/M3Pro_ws/install/robot_pose_publisher_ros2:/root/M3Pro_ws/install/openslam_gmapping:/root/M3Pro_ws/install/ira_laser_tools:/root/M3Pro_ws/install/interfaces:/root/M3Pro_ws/install/imu_filter_madgwick:/root/M3Pro_ws/install/imu_complementary_filter:/root/M3Pro_ws/install/M3Pro_navigation:/root/M3Pro_ws/install/M3Pro_KCF:/root/M3Pro_ws/install/M3Pro:/root/yahboomcar_ws/install/yahboomcar_mediapipe:/root/yahboomcar_ws/install/yahboomcar_ctrl:/root/yahboomcar_ws/install/yahboom_M3Pro_laser:/root/yahboomcar_ws/install/yahboom_M3Pro_description:/root/yahboomcar_ws/install/yahboom_M3Pro_DepthCam:/root/yahboomcar_ws/install/arm_driver:/root/yahboomcar_ws/install/M3Pro_demo:/root/yahboomcar_ws/install/M3Pro_MoveIt_demo:/root/M3Pro_ws/install/yahboom_multi:/root/M3Pro_ws/install/yahboom_app_save_map:/root/M3Pro_ws/install/text_chat:/root/M3Pro_ws/install/patrol:/root/M3Pro_ws/install/laserscan_to_point_publisher:/root/M3Pro_ws/install/largemodel_arm:/root/M3Pro_ws/install/largemodel:/root/M3Pro_ws/install/ekf_bringup:/root/M3Pro_ws/install/calibration:/opt/ros/humble LD_LIBRARY_PATH=/root/Robotique-IOT/m3pro_teacher_ws/install/m3pro_teacher_interfaces/lib:${LD_LIBRARY_PATH} PYTHONPATH=/root/Robotique-IOT/m3pro_teacher_ws/build/m3pro_teacher_demos:/root/Robotique-IOT/m3pro_teacher_ws/install/m3pro_teacher_demos/lib/python3.10/site-packages:/root/Robotique-IOT/m3pro_teacher_ws/install/m3pro_teacher_interfaces/local/lib/python3.10/dist-packages:${PYTHONPATH} /usr/bin/cmake --build /root/Robotique-IOT/m3pro_teacher_ws/build/m3pro_teacher_nav -- -j4 -l4[0m
[68.046s] [34mcolcon.colcon_core.event_handler.log_command[0m [1;30mDEBUG[0m [32mInvoked command in '/root/Robotique-IOT/m3pro_teacher_ws/build/m3pro_teacher_nav' returned '0': AMENT_PREFIX_PATH=/root/Robotique-IOT/m3pro_teacher_ws/install/m3pro_teacher_demos:/root/Robotique-IOT/m3pro_teacher_ws/install/m3pro_teacher_interfaces:/root/Robotique-IOT/m3pro_teacher_ws/install/m3pro_teacher_description:${AMENT_PREFIX_PATH} CMAKE_PREFIX_PATH=/root/Robotique-IOT/m3pro_teacher_ws/install/m3pro_teacher_interfaces:/root/Robotique-IOT/m3pro_teacher_ws/install/m3pro_teacher_description:/root/yahboomcar_ws/install/yahboomcar_msgs:/root/yahboomcar_ws/install/M3Pro_config:/root/yahboomcar_ws/install/test_config:/root/yahboomcar_ws/install/orbbec_description:/root/yahboomcar_ws/install/orbbec_camera:/root/yahboomcar_ws/install/orbbec_camera_msgs:/root/yahboomcar_ws/install/arm_msgs:/root/yahboomcar_ws/install/arm_kin:/root/yahboomcar_ws/install/M3Pro_KCF:/root/yahboomcar_ws/install/arm_interface:/root/M3Pro_ws/install/yahboom_web_savmap_interfaces:/root/M3Pro_ws/install/yahboom_mapping:/root/M3Pro_ws/install/yahboom_laser_filter:/root/M3Pro_ws/install/updatecostmap:/root/M3Pro_ws/install/slam_mapping:/root/M3Pro_ws/install/slam_gmapping:/root/M3Pro_ws/install/imu_tools:/root/M3Pro_ws/install/rviz_imu_plugin:/root/M3Pro_ws/install/robot_pose_publisher_ros2:/root/M3Pro_ws/install/openslam_gmapping:/root/M3Pro_ws/install/ira_laser_tools:/root/M3Pro_ws/install/interfaces:/root/M3Pro_ws/install/imu_filter_madgwick:/root/M3Pro_ws/install/imu_complementary_filter:/root/M3Pro_ws/install/M3Pro_navigation:/root/M3Pro_ws/install/M3Pro_KCF:/root/M3Pro_ws/install/M3Pro:/root/yahboomcar_ws/install/yahboomcar_mediapipe:/root/yahboomcar_ws/install/yahboomcar_ctrl:/root/yahboomcar_ws/install/yahboom_M3Pro_laser:/root/yahboomcar_ws/install/yahboom_M3Pro_description:/root/yahboomcar_ws/install/yahboom_M3Pro_DepthCam:/root/yahboomcar_ws/install/arm_driver:/root/yahboomcar_ws/install/M3Pro_demo:/root/yahboomcar_ws/install/M3Pro_MoveIt_demo:/root/M3Pro_ws/install/yahboom_multi:/root/M3Pro_ws/install/yahboom_app_save_map:/root/M3Pro_ws/install/text_chat:/root/M3Pro_ws/install/patrol:/root/M3Pro_ws/install/laserscan_to_point_publisher:/root/M3Pro_ws/install/largemodel_arm:/root/M3Pro_ws/install/largemodel:/root/M3Pro_ws/install/ekf_bringup:/root/M3Pro_ws/install/calibration:/opt/ros/humble LD_LIBRARY_PATH=/root/Robotique-IOT/m3pro_teacher_ws/install/m3pro_teacher_interfaces/lib:${LD_LIBRARY_PATH} PYTHONPATH=/root/Robotique-IOT/m3pro_teacher_ws/build/m3pro_teacher_demos:/root/Robotique-IOT/m3pro_teacher_ws/install/m3pro_teacher_demos/lib/python3.10/site-packages:/root/Robotique-IOT/m3pro_teacher_ws/install/m3pro_teacher_interfaces/local/lib/python3.10/dist-packages:${PYTHONPATH} /usr/bin/cmake --build /root/Robotique-IOT/m3pro_teacher_ws/build/m3pro_teacher_nav -- -j4 -l4[0m
[68.132s] [34mcolcon.colcon_core.event_handler.log_command[0m [1;30mDEBUG[0m [32mInvoking command in '/root/Robotique-IOT/m3pro_teacher_ws/build/m3pro_teacher_nav': AMENT_PREFIX_PATH=/root/Robotique-IOT/m3pro_teacher_ws/install/m3pro_teacher_demos:/root/Robotique-IOT/m3pro_teacher_ws/install/m3pro_teacher_interfaces:/root/Robotique-IOT/m3pro_teacher_ws/install/m3pro_teacher_description:${AMENT_PREFIX_PATH} CMAKE_PREFIX_PATH=/root/Robotique-IOT/m3pro_teacher_ws/install/m3pro_teacher_interfaces:/root/Robotique-IOT/m3pro_teacher_ws/install/m3pro_teacher_description:/root/yahboomcar_ws/install/yahboomcar_msgs:/root/yahboomcar_ws/install/M3Pro_config:/root/yahboomcar_ws/install/test_config:/root/yahboomcar_ws/install/orbbec_description:/root/yahboomcar_ws/install/orbbec_camera:/root/yahboomcar_ws/install/orbbec_camera_msgs:/root/yahboomcar_ws/install/arm_msgs:/root/yahboomcar_ws/install/arm_kin:/root/yahboomcar_ws/install/M3Pro_KCF:/root/yahboomcar_ws/install/arm_interface:/root/M3Pro_ws/install/yahboom_web_savmap_interfaces:/root/M3Pro_ws/install/yahboom_mapping:/root/M3Pro_ws/install/yahboom_laser_filter:/root/M3Pro_ws/install/updatecostmap:/root/M3Pro_ws/install/slam_mapping:/root/M3Pro_ws/install/slam_gmapping:/root/M3Pro_ws/install/imu_tools:/root/M3Pro_ws/install/rviz_imu_plugin:/root/M3Pro_ws/install/robot_pose_publisher_ros2:/root/M3Pro_ws/install/openslam_gmapping:/root/M3Pro_ws/install/ira_laser_tools:/root/M3Pro_ws/install/interfaces:/root/M3Pro_ws/install/imu_filter_madgwick:/root/M3Pro_ws/install/imu_complementary_filter:/root/M3Pro_ws/install/M3Pro_navigation:/root/M3Pro_ws/install/M3Pro_KCF:/root/M3Pro_ws/install/M3Pro:/root/yahboomcar_ws/install/yahboomcar_mediapipe:/root/yahboomcar_ws/install/yahboomcar_ctrl:/root/yahboomcar_ws/install/yahboom_M3Pro_laser:/root/yahboomcar_ws/install/yahboom_M3Pro_description:/root/yahboomcar_ws/install/yahboom_M3Pro_DepthCam:/root/yahboomcar_ws/install/arm_driver:/root/yahboomcar_ws/install/M3Pro_demo:/root/yahboomcar_ws/install/M3Pro_MoveIt_demo:/root/M3Pro_ws/install/yahboom_multi:/root/M3Pro_ws/install/yahboom_app_save_map:/root/M3Pro_ws/install/text_chat:/root/M3Pro_ws/install/patrol:/root/M3Pro_ws/install/laserscan_to_point_publisher:/root/M3Pro_ws/install/largemodel_arm:/root/M3Pro_ws/install/largemodel:/root/M3Pro_ws/install/ekf_bringup:/root/M3Pro_ws/install/calibration:/opt/ros/humble LD_LIBRARY_PATH=/root/Robotique-IOT/m3pro_teacher_ws/install/m3pro_teacher_interfaces/lib:${LD_LIBRARY_PATH} PYTHONPATH=/root/Robotique-IOT/m3pro_teacher_ws/build/m3pro_teacher_demos:/root/Robotique-IOT/m3pro_teacher_ws/install/m3pro_teacher_demos/lib/python3.10/site-packages:/root/Robotique-IOT/m3pro_teacher_ws/install/m3pro_teacher_interfaces/local/lib/python3.10/dist-packages:${PYTHONPATH} /usr/bin/cmake --install /root/Robotique-IOT/m3pro_teacher_ws/build/m3pro_teacher_nav[0m
[68.832s] [34mcolcon.colcon_core.event_handler.log_command[0m [1;30mDEBUG[0m [32mInvoking command in '/root/Robotique-IOT/m3pro_teacher_ws/build/m3pro_teacher_web': AMENT_PREFIX_PATH=/root/Robotique-IOT/m3pro_teacher_ws/install/m3pro_teacher_demos:/root/Robotique-IOT/m3pro_teacher_ws/install/m3pro_teacher_interfaces:/root/Robotique-IOT/m3pro_teacher_ws/install/m3pro_teacher_description:${AMENT_PREFIX_PATH} CMAKE_PREFIX_PATH=/root/Robotique-IOT/m3pro_teacher_ws/install/m3pro_teacher_interfaces:/root/Robotique-IOT/m3pro_teacher_ws/install/m3pro_teacher_description:${CMAKE_PREFIX_PATH} LD_LIBRARY_PATH=/root/Robotique-IOT/m3pro_teacher_ws/install/m3pro_teacher_interfaces/lib:${LD_LIBRARY_PATH} PYTHONPATH=/root/Robotique-IOT/m3pro_teacher_ws/build/m3pro_teacher_web/prefix_override:/root/Robotique-IOT/m3pro_teacher_ws/install/m3pro_teacher_web/lib/python3.10/site-packages:/root/Robotique-IOT/m3pro_teacher_ws/build/m3pro_teacher_demos:/root/Robotique-IOT/m3pro_teacher_ws/install/m3pro_teacher_demos/lib/python3.10/site-packages:/root/Robotique-IOT/m3pro_teacher_ws/install/m3pro_teacher_interfaces/local/lib/python3.10/dist-packages:${PYTHONPATH} /usr/bin/python3 setup.py develop --editable --build-directory /root/Robotique-IOT/m3pro_teacher_ws/build/m3pro_teacher_web/build --no-deps install_data[0m
[68.940s] [34mcolcon.colcon_core.environment[0m [1;30mLevel 1[0m create_environment_scripts_only(m3pro_teacher_nav)
[68.942s] [34mcolcon.colcon_core.event_handler.log_command[0m [1;30mDEBUG[0m [32mInvoked command in '/root/Robotique-IOT/m3pro_teacher_ws/build/m3pro_teacher_nav' returned '0': AMENT_PREFIX_PATH=/root/Robotique-IOT/m3pro_teacher_ws/install/m3pro_teacher_demos:/root/Robotique-IOT/m3pro_teacher_ws/install/m3pro_teacher_interfaces:/root/Robotique-IOT/m3pro_teacher_ws/install/m3pro_teacher_description:${AMENT_PREFIX_PATH} CMAKE_PREFIX_PATH=/root/Robotique-IOT/m3pro_teacher_ws/install/m3pro_teacher_interfaces:/root/Robotique-IOT/m3pro_teacher_ws/install/m3pro_teacher_description:/root/yahboomcar_ws/install/yahboomcar_msgs:/root/yahboomcar_ws/install/M3Pro_config:/root/yahboomcar_ws/install/test_config:/root/yahboomcar_ws/install/orbbec_description:/root/yahboomcar_ws/install/orbbec_camera:/root/yahboomcar_ws/install/orbbec_camera_msgs:/root/yahboomcar_ws/install/arm_msgs:/root/yahboomcar_ws/install/arm_kin:/root/yahboomcar_ws/install/M3Pro_KCF:/root/yahboomcar_ws/install/arm_interface:/root/M3Pro_ws/install/yahboom_web_savmap_interfaces:/root/M3Pro_ws/install/yahboom_mapping:/root/M3Pro_ws/install/yahboom_laser_filter:/root/M3Pro_ws/install/updatecostmap:/root/M3Pro_ws/install/slam_mapping:/root/M3Pro_ws/install/slam_gmapping:/root/M3Pro_ws/install/imu_tools:/root/M3Pro_ws/install/rviz_imu_plugin:/root/M3Pro_ws/install/robot_pose_publisher_ros2:/root/M3Pro_ws/install/openslam_gmapping:/root/M3Pro_ws/install/ira_laser_tools:/root/M3Pro_ws/install/interfaces:/root/M3Pro_ws/install/imu_filter_madgwick:/root/M3Pro_ws/install/imu_complementary_filter:/root/M3Pro_ws/install/M3Pro_navigation:/root/M3Pro_ws/install/M3Pro_KCF:/root/M3Pro_ws/install/M3Pro:/root/yahboomcar_ws/install/yahboomcar_mediapipe:/root/yahboomcar_ws/install/yahboomcar_ctrl:/root/yahboomcar_ws/install/yahboom_M3Pro_laser:/root/yahboomcar_ws/install/yahboom_M3Pro_description:/root/yahboomcar_ws/install/yahboom_M3Pro_DepthCam:/root/yahboomcar_ws/install/arm_driver:/root/yahboomcar_ws/install/M3Pro_demo:/root/yahboomcar_ws/install/M3Pro_MoveIt_demo:/root/M3Pro_ws/install/yahboom_multi:/root/M3Pro_ws/install/yahboom_app_save_map:/root/M3Pro_ws/install/text_chat:/root/M3Pro_ws/install/patrol:/root/M3Pro_ws/install/laserscan_to_point_publisher:/root/M3Pro_ws/install/largemodel_arm:/root/M3Pro_ws/install/largemodel:/root/M3Pro_ws/install/ekf_bringup:/root/M3Pro_ws/install/calibration:/opt/ros/humble LD_LIBRARY_PATH=/root/Robotique-IOT/m3pro_teacher_ws/install/m3pro_teacher_interfaces/lib:${LD_LIBRARY_PATH} PYTHONPATH=/root/Robotique-IOT/m3pro_teacher_ws/build/m3pro_teacher_demos:/root/Robotique-IOT/m3pro_teacher_ws/install/m3pro_teacher_demos/lib/python3.10/site-packages:/root/Robotique-IOT/m3pro_teacher_ws/install/m3pro_teacher_interfaces/local/lib/python3.10/dist-packages:${PYTHONPATH} /usr/bin/cmake --install /root/Robotique-IOT/m3pro_teacher_ws/build/m3pro_teacher_nav[0m
[69.059s] [34mcolcon.colcon_core.environment[0m [1;30mLevel 1[0m checking '/root/Robotique-IOT/m3pro_teacher_ws/install/m3pro_teacher_nav' for CMake module files
[69.062s] [34mcolcon.colcon_core.environment[0m [1;30mLevel 1[0m checking '/root/Robotique-IOT/m3pro_teacher_ws/install/m3pro_teacher_nav' for CMake config files
[69.064s] [34mcolcon.colcon_core.shell[0m [1;30mLevel 1[0m create_environment_hook('m3pro_teacher_nav', 'cmake_prefix_path')
[69.183s] [34mcolcon.colcon_core.shell[0m [1;30mINFO[0m Creating environment hook '/root/Robotique-IOT/m3pro_teacher_ws/install/m3pro_teacher_nav/share/m3pro_teacher_nav/hook/cmake_prefix_path.ps1'
[69.184s] [34mcolcon.colcon_core.shell[0m [1;30mINFO[0m Creating environment descriptor '/root/Robotique-IOT/m3pro_teacher_ws/install/m3pro_teacher_nav/share/m3pro_teacher_nav/hook/cmake_prefix_path.dsv'
[69.185s] [34mcolcon.colcon_core.shell[0m [1;30mINFO[0m Creating environment hook '/root/Robotique-IOT/m3pro_teacher_ws/install/m3pro_teacher_nav/share/m3pro_teacher_nav/hook/cmake_prefix_path.sh'
[69.187s] [34mcolcon.colcon_core.environment[0m [1;30mLevel 1[0m checking '/root/Robotique-IOT/m3pro_teacher_ws/install/m3pro_teacher_nav/bin'
[69.188s] [34mcolcon.colcon_core.environment[0m [1;30mLevel 1[0m checking '/root/Robotique-IOT/m3pro_teacher_ws/install/m3pro_teacher_nav/lib/pkgconfig/m3pro_teacher_nav.pc'
[69.189s] [34mcolcon.colcon_core.environment[0m [1;30mLevel 1[0m checking '/root/Robotique-IOT/m3pro_teacher_ws/install/m3pro_teacher_nav/lib/python3.10/site-packages'
[69.190s] [34mcolcon.colcon_core.environment[0m [1;30mLevel 1[0m checking '/root/Robotique-IOT/m3pro_teacher_ws/install/m3pro_teacher_nav/bin'
[69.309s] [34mcolcon.colcon_core.shell[0m [1;30mINFO[0m Creating package script '/root/Robotique-IOT/m3pro_teacher_ws/install/m3pro_teacher_nav/share/m3pro_teacher_nav/package.ps1'
[69.311s] [34mcolcon.colcon_core.shell[0m [1;30mINFO[0m Creating package descriptor '/root/Robotique-IOT/m3pro_teacher_ws/install/m3pro_teacher_nav/share/m3pro_teacher_nav/package.dsv'
[69.313s] [34mcolcon.colcon_core.shell[0m [1;30mINFO[0m Creating package script '/root/Robotique-IOT/m3pro_teacher_ws/install/m3pro_teacher_nav/share/m3pro_teacher_nav/package.sh'
[69.314s] [34mcolcon.colcon_core.shell[0m [1;30mINFO[0m Creating package script '/root/Robotique-IOT/m3pro_teacher_ws/install/m3pro_teacher_nav/share/m3pro_teacher_nav/package.bash'
[69.315s] [34mcolcon.colcon_core.shell[0m [1;30mINFO[0m Creating package script '/root/Robotique-IOT/m3pro_teacher_ws/install/m3pro_teacher_nav/share/m3pro_teacher_nav/package.zsh'
[69.317s] [34mcolcon.colcon_core.environment[0m [1;30mLevel 1[0m create_file_with_runtime_dependencies(/root/Robotique-IOT/m3pro_teacher_ws/install/m3pro_teacher_nav/share/colcon-core/packages/m3pro_teacher_nav)
[69.510s] [34mcolcon.colcon_core.environment[0m [1;30mLevel 1[0m create_environment_scripts_only(m3pro_teacher_nav)
[69.619s] [34mcolcon.colcon_core.environment[0m [1;30mLevel 1[0m checking '/root/Robotique-IOT/m3pro_teacher_ws/install/m3pro_teacher_nav' for CMake module files
[69.622s] [34mcolcon.colcon_core.environment[0m [1;30mLevel 1[0m checking '/root/Robotique-IOT/m3pro_teacher_ws/install/m3pro_teacher_nav' for CMake config files
[69.624s] [34mcolcon.colcon_core.shell[0m [1;30mLevel 1[0m create_environment_hook('m3pro_teacher_nav', 'cmake_prefix_path')
[69.746s] [34mcolcon.colcon_core.shell[0m [1;30mINFO[0m Creating environment hook '/root/Robotique-IOT/m3pro_teacher_ws/install/m3pro_teacher_nav/share/m3pro_teacher_nav/hook/cmake_prefix_path.ps1'
[69.747s] [34mcolcon.colcon_core.shell[0m [1;30mINFO[0m Creating environment descriptor '/root/Robotique-IOT/m3pro_teacher_ws/install/m3pro_teacher_nav/share/m3pro_teacher_nav/hook/cmake_prefix_path.dsv'
[69.749s] [34mcolcon.colcon_core.shell[0m [1;30mINFO[0m Creating environment hook '/root/Robotique-IOT/m3pro_teacher_ws/install/m3pro_teacher_nav/share/m3pro_teacher_nav/hook/cmake_prefix_path.sh'
[69.750s] [34mcolcon.colcon_core.environment[0m [1;30mLevel 1[0m checking '/root/Robotique-IOT/m3pro_teacher_ws/install/m3pro_teacher_nav/bin'
[69.751s] [34mcolcon.colcon_core.environment[0m [1;30mLevel 1[0m checking '/root/Robotique-IOT/m3pro_teacher_ws/install/m3pro_teacher_nav/lib/pkgconfig/m3pro_teacher_nav.pc'
[69.752s] [34mcolcon.colcon_core.environment[0m [1;30mLevel 1[0m checking '/root/Robotique-IOT/m3pro_teacher_ws/install/m3pro_teacher_nav/lib/python3.10/site-packages'
[69.753s] [34mcolcon.colcon_core.environment[0m [1;30mLevel 1[0m checking '/root/Robotique-IOT/m3pro_teacher_ws/install/m3pro_teacher_nav/bin'
[69.863s] [34mcolcon.colcon_core.shell[0m [1;30mINFO[0m Creating package script '/root/Robotique-IOT/m3pro_teacher_ws/install/m3pro_teacher_nav/share/m3pro_teacher_nav/package.ps1'
[69.866s] [34mcolcon.colcon_core.shell[0m [1;30mINFO[0m Creating package descriptor '/root/Robotique-IOT/m3pro_teacher_ws/install/m3pro_teacher_nav/share/m3pro_teacher_nav/package.dsv'
[69.868s] [34mcolcon.colcon_core.shell[0m [1;30mINFO[0m Creating package script '/root/Robotique-IOT/m3pro_teacher_ws/install/m3pro_teacher_nav/share/m3pro_teacher_nav/package.sh'
[69.870s] [34mcolcon.colcon_core.shell[0m [1;30mINFO[0m Creating package script '/root/Robotique-IOT/m3pro_teacher_ws/install/m3pro_teacher_nav/share/m3pro_teacher_nav/package.bash'
[69.872s] [34mcolcon.colcon_core.shell[0m [1;30mINFO[0m Creating package script '/root/Robotique-IOT/m3pro_teacher_ws/install/m3pro_teacher_nav/share/m3pro_teacher_nav/package.zsh'
[69.874s] [34mcolcon.colcon_core.environment[0m [1;30mLevel 1[0m create_file_with_runtime_dependencies(/root/Robotique-IOT/m3pro_teacher_ws/install/m3pro_teacher_nav/share/colcon-core/packages/m3pro_teacher_nav)
[71.800s] [34mcolcon.colcon_core.shell[0m [1;30mLevel 1[0m create_environment_hook('m3pro_teacher_web', 'pythonpath_develop')
[71.805s] [34mcolcon.colcon_core.event_handler.log_command[0m [1;30mDEBUG[0m [32mInvoked command in '/root/Robotique-IOT/m3pro_teacher_ws/build/m3pro_teacher_web' returned '0': AMENT_PREFIX_PATH=/root/Robotique-IOT/m3pro_teacher_ws/install/m3pro_teacher_demos:/root/Robotique-IOT/m3pro_teacher_ws/install/m3pro_teacher_interfaces:/root/Robotique-IOT/m3pro_teacher_ws/install/m3pro_teacher_description:${AMENT_PREFIX_PATH} CMAKE_PREFIX_PATH=/root/Robotique-IOT/m3pro_teacher_ws/install/m3pro_teacher_interfaces:/root/Robotique-IOT/m3pro_teacher_ws/install/m3pro_teacher_description:${CMAKE_PREFIX_PATH} LD_LIBRARY_PATH=/root/Robotique-IOT/m3pro_teacher_ws/install/m3pro_teacher_interfaces/lib:${LD_LIBRARY_PATH} PYTHONPATH=/root/Robotique-IOT/m3pro_teacher_ws/build/m3pro_teacher_web/prefix_override:/root/Robotique-IOT/m3pro_teacher_ws/install/m3pro_teacher_web/lib/python3.10/site-packages:/root/Robotique-IOT/m3pro_teacher_ws/build/m3pro_teacher_demos:/root/Robotique-IOT/m3pro_teacher_ws/install/m3pro_teacher_demos/lib/python3.10/site-packages:/root/Robotique-IOT/m3pro_teacher_ws/install/m3pro_teacher_interfaces/local/lib/python3.10/dist-packages:${PYTHONPATH} /usr/bin/python3 setup.py develop --editable --build-directory /root/Robotique-IOT/m3pro_teacher_ws/build/m3pro_teacher_web/build --no-deps install_data[0m
[71.909s] [34mcolcon.colcon_core.shell[0m [1;30mINFO[0m Creating environment hook '/root/Robotique-IOT/m3pro_teacher_ws/build/m3pro_teacher_web/share/m3pro_teacher_web/hook/pythonpath_develop.ps1'
[71.911s] [34mcolcon.colcon_core.shell[0m [1;30mINFO[0m Creating environment descriptor '/root/Robotique-IOT/m3pro_teacher_ws/build/m3pro_teacher_web/share/m3pro_teacher_web/hook/pythonpath_develop.dsv'
[71.912s] [34mcolcon.colcon_core.shell[0m [1;30mINFO[0m Creating environment hook '/root/Robotique-IOT/m3pro_teacher_ws/build/m3pro_teacher_web/share/m3pro_teacher_web/hook/pythonpath_develop.sh'
[72.017s] [34mcolcon.colcon_core.environment[0m [1;30mLevel 1[0m checking '/root/Robotique-IOT/m3pro_teacher_ws/install/m3pro_teacher_web' for CMake module files
[72.019s] [34mcolcon.colcon_core.environment[0m [1;30mLevel 1[0m checking '/root/Robotique-IOT/m3pro_teacher_ws/install/m3pro_teacher_web' for CMake config files
[72.021s] [34mcolcon.colcon_core.environment[0m [1;30mLevel 1[0m checking '/root/Robotique-IOT/m3pro_teacher_ws/install/m3pro_teacher_web/lib'
[72.021s] [34mcolcon.colcon_core.environment[0m [1;30mLevel 1[0m checking '/root/Robotique-IOT/m3pro_teacher_ws/install/m3pro_teacher_web/bin'
[72.022s] [34mcolcon.colcon_core.environment[0m [1;30mLevel 1[0m checking '/root/Robotique-IOT/m3pro_teacher_ws/install/m3pro_teacher_web/lib/pkgconfig/m3pro_teacher_web.pc'
[72.023s] [34mcolcon.colcon_core.environment[0m [1;30mLevel 1[0m checking '/root/Robotique-IOT/m3pro_teacher_ws/install/m3pro_teacher_web/lib/python3.10/site-packages'
[72.023s] [34mcolcon.colcon_core.shell[0m [1;30mLevel 1[0m create_environment_hook('m3pro_teacher_web', 'pythonpath')
[72.135s] [34mcolcon.colcon_core.shell[0m [1;30mINFO[0m Creating environment hook '/root/Robotique-IOT/m3pro_teacher_ws/install/m3pro_teacher_web/share/m3pro_teacher_web/hook/pythonpath.ps1'
[72.137s] [34mcolcon.colcon_core.shell[0m [1;30mINFO[0m Creating environment descriptor '/root/Robotique-IOT/m3pro_teacher_ws/install/m3pro_teacher_web/share/m3pro_teacher_web/hook/pythonpath.dsv'
[72.138s] [34mcolcon.colcon_core.shell[0m [1;30mINFO[0m Creating environment hook '/root/Robotique-IOT/m3pro_teacher_ws/install/m3pro_teacher_web/share/m3pro_teacher_web/hook/pythonpath.sh'
[72.140s] [34mcolcon.colcon_core.environment[0m [1;30mLevel 1[0m checking '/root/Robotique-IOT/m3pro_teacher_ws/install/m3pro_teacher_web/bin'
[72.140s] [34mcolcon.colcon_core.environment[0m [1;30mLevel 1[0m create_environment_scripts_only(m3pro_teacher_web)
[72.260s] [34mcolcon.colcon_core.shell[0m [1;30mINFO[0m Creating package script '/root/Robotique-IOT/m3pro_teacher_ws/install/m3pro_teacher_web/share/m3pro_teacher_web/package.ps1'
[72.262s] [34mcolcon.colcon_core.shell[0m [1;30mINFO[0m Creating package descriptor '/root/Robotique-IOT/m3pro_teacher_ws/install/m3pro_teacher_web/share/m3pro_teacher_web/package.dsv'
[72.264s] [34mcolcon.colcon_core.shell[0m [1;30mINFO[0m Creating package script '/root/Robotique-IOT/m3pro_teacher_ws/install/m3pro_teacher_web/share/m3pro_teacher_web/package.sh'
[72.266s] [34mcolcon.colcon_core.shell[0m [1;30mINFO[0m Creating package script '/root/Robotique-IOT/m3pro_teacher_ws/install/m3pro_teacher_web/share/m3pro_teacher_web/package.bash'
[72.268s] [34mcolcon.colcon_core.shell[0m [1;30mINFO[0m Creating package script '/root/Robotique-IOT/m3pro_teacher_ws/install/m3pro_teacher_web/share/m3pro_teacher_web/package.zsh'
[72.269s] [34mcolcon.colcon_core.environment[0m [1;30mLevel 1[0m create_file_with_runtime_dependencies(/root/Robotique-IOT/m3pro_teacher_ws/install/m3pro_teacher_web/share/colcon-core/packages/m3pro_teacher_web)
[72.270s] [34mcolcon.colcon_parallel_executor.executor.parallel[0m [1;30mDEBUG[0m [32mclosing loop[0m
[72.272s] [34mcolcon.colcon_parallel_executor.executor.parallel[0m [1;30mDEBUG[0m [32mloop closed[0m
[72.272s] [34mcolcon.colcon_parallel_executor.executor.parallel[0m [1;30mDEBUG[0m [32mrun_until_complete finished with '0'[0m
[72.273s] [34mcolcon.colcon_core.event_reactor[0m [1;30mDEBUG[0m [32mjoining thread[0m
[72.562s] [34mcolcon.colcon_core.plugin_system[0m [1;30mINFO[0m Skipping extension 'colcon_notification.desktop_notification.notify_send': Could not find 'notify-send'
[72.562s] [34mcolcon.colcon_core.plugin_system[0m [1;30mINFO[0m Skipping extension 'colcon_notification.desktop_notification.terminal_notifier': Not used on non-Darwin systems
[72.562s] [34mcolcon.colcon_core.plugin_system[0m [1;30mINFO[0m Skipping extension 'colcon_notification.desktop_notification.win32': Not used on non-Windows systems
[72.563s] [34mcolcon.colcon_notification.desktop_notification[0m [1;30mINFO[0m Sending desktop notification using 'notify2'
[72.571s] [34mcolcon.colcon_notification.desktop_notification.notify2[0m [1;30mDEBUG[0m [32mFailed to initialize notify2: org.freedesktop.DBus.Error.Spawn.ExecFailed: /usr/bin/dbus-launch terminated abnormally without any error message[0m
[72.572s] [34mcolcon.colcon_core.event_reactor[0m [1;30mDEBUG[0m [32mjoined thread[0m
[72.680s] [34mcolcon.colcon_core.shell[0m [1;30mINFO[0m Creating prefix script '/root/Robotique-IOT/m3pro_teacher_ws/install/local_setup.ps1'
[72.686s] [34mcolcon.colcon_core.shell[0m [1;30mINFO[0m Creating prefix util module '/root/Robotique-IOT/m3pro_teacher_ws/install/_local_setup_util_ps1.py'
[72.692s] [34mcolcon.colcon_core.shell[0m [1;30mINFO[0m Creating prefix chain script '/root/Robotique-IOT/m3pro_teacher_ws/install/setup.ps1'
[72.809s] [34mcolcon.colcon_core.shell[0m [1;30mINFO[0m Creating prefix script '/root/Robotique-IOT/m3pro_teacher_ws/install/local_setup.sh'
[72.812s] [34mcolcon.colcon_core.shell[0m [1;30mINFO[0m Creating prefix util module '/root/Robotique-IOT/m3pro_teacher_ws/install/_local_setup_util_sh.py'
[72.814s] [34mcolcon.colcon_core.shell[0m [1;30mINFO[0m Creating prefix chain script '/root/Robotique-IOT/m3pro_teacher_ws/install/setup.sh'
[72.929s] [34mcolcon.colcon_core.shell[0m [1;30mINFO[0m Creating prefix script '/root/Robotique-IOT/m3pro_teacher_ws/install/local_setup.bash'
[72.931s] [34mcolcon.colcon_core.shell[0m [1;30mINFO[0m Creating prefix chain script '/root/Robotique-IOT/m3pro_teacher_ws/install/setup.bash'
[73.048s] [34mcolcon.colcon_core.shell[0m [1;30mINFO[0m Creating prefix script '/root/Robotique-IOT/m3pro_teacher_ws/install/local_setup.zsh'
[73.050s] [34mcolcon.colcon_core.shell[0m [1;30mINFO[0m Creating prefix chain script '/root/Robotique-IOT/m3pro_teacher_ws/install/setup.zsh'
